DL/UL,time,frame,subF,slot,1stSym,symbol#,cellId,rnti,ccId,tbSize,mcs,rv,SINR(dB),corrupt,TBler,SINR_MIN(dB)
UL,0.0455357,4,5,2,1,1,8,1,0,60,0,0,45.4615,0,0,0
UL,0.0457857,4,5,3,1,1,8,1,0,60,0,0,45.4615,0,0,0
UL,0.0460357,4,6,0,1,1,8,1,0,60,0,0,45.4615,0,0,0
UL,0.0655357,6,5,2,1,1,4,1,0,60,0,0,-9.81324,1,1,-12.3476
UL,0.0655357,6,5,2,1,1,2,1,0,60,0,0,35.1951,0,0,0
UL,0.0655357,6,5,2,1,1,7,1,0,60,0,0,34.573,0,0,0
UL,0.0655357,6,5,2,1,1,11,1,0,60,0,0,47.3501,0,0,0
UL,0.0655357,6,5,2,1,1,8,2,0,60,0,0,57.4644,0,0,0
UL,0.0655357,6,5,2,1,1,5,1,0,60,0,0,28.6874,0,0,0
UL,0.0657857,6,5,3,1,1,4,1,0,60,0,0,-9.81324,1,1,-12.3476
UL,0.0657857,6,5,3,1,1,2,1,0,60,0,0,35.1951,0,0,0
UL,0.0657857,6,5,3,1,1,7,1,0,60,0,0,34.573,0,0,0
UL,0.0657857,6,5,3,1,1,11,1,0,60,0,0,47.3501,0,0,0
UL,0.0657857,6,5,3,1,1,8,2,0,60,0,0,57.4644,0,0,0
UL,0.0657857,6,5,3,1,1,5,1,0,60,0,0,28.6874,0,0,0
UL,0.0658036,6,5,3,2,1,2,2,0,60,0,0,15.8714,0,0,-0.245524
UL,0.0660357,6,6,0,1,1,4,1,0,60,0,0,-9.81324,1,1,-12.3476
UL,0.0660357,6,6,0,1,1,2,1,0,60,0,0,35.1951,0,0,0
UL,0.0660357,6,6,0,1,1,7,1,0,60,0,0,34.573,0,0,0
UL,0.0660357,6,6,0,1,1,11,1,0,60,0,0,47.3501,0,0,0
UL,0.0660357,6,6,0,1,1,8,2,0,60,0,0,57.4644,0,0,0
UL,0.0660357,6,6,0,1,1,5,1,0,60,0,0,28.6874,0,0,0
UL,0.0660536,6,6,0,2,1,2,2,0,60,0,0,15.8714,0,0,-0.245524
UL,0.0662857,6,6,1,1,1,4,1,0,60,0,1,1.90525,0,0,-5.10641
UL,0.0663036,6,6,1,2,1,2,2,0,60,0,0,15.8714,0,0,-0.245524
UL,0.0665357,6,6,2,1,1,4,1,0,60,0,1,1.90525,0,0,-5.10641
UL,0.0667857,6,6,3,1,1,4,1,0,60,0,1,1.90525,0,0,-5.10641
UL,0.900804,90,0,3,1,2,8,1,0,123,0,0,45.4615,0,0,0
UL,0.901054,90,1,0,1,2,8,1,0,123,0,0,45.4615,0,0,0
UL,0.901304,90,1,1,1,2,8,1,0,123,0,0,45.4615,0,0,0
UL,0.925786,92,5,3,1,1,8,1,0,2162,28,0,45.4615,0,0,0
UL,0.926036,92,6,0,1,1,8,1,0,2162,28,0,45.4615,0,0,0
UL,0.926286,92,6,1,1,1,8,1,0,2162,28,0,45.4615,0,0,0
UL,0.950536,95,0,2,1,1,8,1,0,2162,28,0,45.4615,0,0,0
UL,1.15055,115,0,2,1,2,8,1,0,123,0,0,45.4615,0,0,0
UL,1.1508,115,0,3,1,2,8,1,0,123,0,0,45.4615,0,0,0
UL,1.15105,115,1,0,1,2,8,1,0,123,0,0,45.4615,0,0,0
UL,1.17554,117,5,2,1,1,8,1,0,2162,28,0,45.4615,0,0,0
UL,1.37555,137,5,2,1,2,8,1,0,123,0,0,45.4615,0,0,0
UL,1.3758,137,5,3,1,2,8,1,0,123,0,0,45.4615,0,0,0
UL,1.37605,137,6,0,1,2,8,1,0,123,0,0,45.4615,0,0,0
UL,1.40054,140,0,2,1,1,8,1,0,2162,28,0,45.4615,0,0,0
UL,1.40079,140,0,3,1,1,8,1,0,2162,28,0,45.4615,0,0,0
UL,1.40104,140,1,0,1,1,8,1,0,2162,28,0,45.4615,0,0,0
UL,1.42529,142,5,1,1,1,8,1,0,2162,28,0,45.4615,0,0,0
UL,1.42554,142,5,2,1,1,8,1,0,2162,28,0,45.4615,0,0,0
UL,1.42579,142,5,3,1,1,8,1,0,2162,28,0,45.4615,0,0,0
UL,1.45004,145,0,0,1,1,8,1,0,2162,28,0,45.4615,0,0,0
UL,1.65005,165,0,0,1,2,8,1,0,123,0,0,45.4615,0,0,0
UL,1.6503,165,0,1,1,2,8,1,0,123,0,0,45.4615,0,0,0
UL,1.65055,165,0,2,1,2,8,1,0,123,0,0,45.4615,0,0,0
UL,1.67504,167,5,0,1,1,8,1,0,2162,28,0,45.4615,0,0,0
UL,1.87505,187,5,0,1,2,8,1,0,123,0,0,45.4615,0,0,0
UL,1.8753,187,5,1,1,2,8,1,0,123,0,0,45.4615,0,0,0
UL,1.87555,187,5,2,1,2,8,1,0,123,0,0,45.4615,0,0,0
UL,1.90004,190,0,0,1,1,8,1,0,2162,28,0,45.4615,0,0,0
UL,1.90029,190,0,1,1,1,8,1,0,2162,28,0,45.4615,0,0,0
UL,1.90054,190,0,2,1,1,8,1,0,2162,28,0,45.4615,0,0,0
UL,1.92479,192,4,3,1,1,8,1,0,2162,28,0,45.4615,0,0,0
UL,1.92504,192,5,0,1,1,8,1,0,2162,28,0,45.4615,0,0,0
UL,1.92529,192,5,1,1,1,8,1,0,2162,28,0,45.4615,0,0,0
UL,1.94954,194,9,2,1,1,8,1,0,2162,28,0,45.4615,0,0,0
UL,1.94979,194,9,3,1,1,8,1,0,2162,28,0,45.4615,0,0,0
UL,1.95004,195,0,0,1,1,8,1,0,2162,28,0,45.4615,0,0,0
UL,1.97454,197,4,2,1,1,8,1,0,2162,28,0,45.4615,0,0,0
UL,1.97479,197,4,3,1,1,8,1,0,2162,28,0,45.4615,0,0,0
UL,1.97504,197,5,0,1,1,8,1,0,2162,28,0,45.4615,0,0,0
UL,1.99954,199,9,2,1,1,8,1,0,2162,28,0,45.4615,0,0,0
UL,1.99979,199,9,3,1,1,8,1,0,2162,28,0,45.4615,0,0,0
UL,2.00004,200,0,0,1,1,8,1,0,2162,28,0,45.4615,0,0,0
UL,2.02454,202,4,2,1,1,8,1,0,2162,28,0,45.4615,0,0,0
UL,2.02479,202,4,3,1,1,8,1,0,2162,28,0,45.4615,0,0,0
UL,2.02504,202,5,0,1,1,8,1,0,2162,28,0,45.4615,0,0,0
UL,2.04954,204,9,2,1,1,8,1,0,2162,28,0,45.4615,0,0,0
UL,2.04979,204,9,3,1,1,8,1,0,2162,28,0,45.4615,0,0,0
UL,2.05004,205,0,0,1,1,8,1,0,2162,28,0,45.4615,0,0,0
UL,2.07454,207,4,2,1,1,8,1,0,2162,28,0,45.4615,0,0,0
UL,2.07479,207,4,3,1,1,8,1,0,2162,28,0,45.4615,0,0,0
UL,2.07504,207,5,0,1,1,8,1,0,2162,28,0,45.4615,0,0,0
UL,2.09954,209,9,2,1,1,8,1,0,2162,28,0,45.4615,0,0,0
UL,2.09979,209,9,3,1,1,8,1,0,2162,28,0,45.4615,0,0,0
UL,2.10004,210,0,0,1,1,8,1,0,2162,28,0,45.4615,0,0,0
UL,2.12454,212,4,2,1,1,8,1,0,2162,28,0,45.4615,0,0,0
UL,2.12479,212,4,3,1,1,8,1,0,2162,28,0,45.4615,0,0,0
UL,2.12504,212,5,0,1,1,8,1,0,2162,28,0,45.4615,0,0,0
UL,2.14954,214,9,2,1,1,8,1,0,2162,28,0,45.4615,0,0,0
UL,2.14979,214,9,3,1,1,8,1,0,2162,28,0,45.4615,0,0,0
UL,2.15004,215,0,0,1,1,8,1,0,2162,28,0,45.4615,0,0,0
UL,2.17429,217,4,1,1,1,8,1,0,2162,28,0,45.4615,0,0,0
UL,2.17454,217,4,2,1,1,8,1,0,2162,28,0,45.4615,0,0,0
UL,2.17479,217,4,3,1,1,8,1,0,2162,28,0,45.4615,0,0,0
UL,2.19904,219,9,0,1,1,8,1,0,2162,28,0,45.4615,0,0,0
UL,2.39905,239,9,0,1,2,8,1,0,123,0,0,45.4615,0,0,0
UL,2.3993,239,9,1,1,2,8,1,0,123,0,0,45.4615,0,0,0
UL,2.39955,239,9,2,1,2,8,1,0,123,0,0,45.4615,0,0,0
UL,2.42404,242,4,0,1,1,8,1,0,2162,28,0,45.4615,0,0,0
UL,2.62405,262,4,0,1,2,8,1,0,123,0,0,45.4615,0,0,0
UL,2.6243,262,4,1,1,2,8,1,0,123,0,0,45.4615,0,0,0
UL,2.62455,262,4,2,1,2,8,1,0,123,0,0,45.4615,0,0,0
UL,2.64904,264,9,0,1,1,8,1,0,2162,28,0,45.4615,0,0,0
UL,2.64929,264,9,1,1,1,8,1,0,2162,28,0,45.4615,0,0,0
UL,2.64954,264,9,2,1,1,8,1,0,2162,28,0,45.4615,0,0,0
UL,2.67379,267,3,3,1,1,8,1,0,2162,28,0,45.4615,0,0,0
UL,2.67404,267,4,0,1,1,8,1,0,2162,28,0,45.4615,0,0,0
UL,2.67429,267,4,1,1,1,8,1,0,2162,28,0,45.4615,0,0,0
UL,2.69854,269,8,2,1,1,8,1,0,2162,28,0,45.4615,0,0,0
UL,2.69879,269,8,3,1,1,8,1,0,2162,28,0,45.4615,0,0,0
UL,2.69904,269,9,0,1,1,8,1,0,2162,28,0,45.4615,0,0,0
UL,2.72354,272,3,2,1,1,8,1,0,2162,28,0,45.4615,0,0,0
UL,2.72379,272,3,3,1,1,8,1,0,2162,28,0,45.4615,0,0,0
UL,2.72404,272,4,0,1,1,8,1,0,2162,28,0,45.4615,0,0,0
UL,2.74854,274,8,2,1,1,8,1,0,2162,28,0,45.4615,0,0,0
UL,2.74879,274,8,3,1,1,8,1,0,2162,28,0,45.4615,0,0,0
UL,2.74904,274,9,0,1,1,8,1,0,2162,28,0,45.4615,0,0,0
UL,2.77354,277,3,2,1,1,8,1,0,2162,28,0,45.4615,0,0,0
UL,2.77379,277,3,3,1,1,8,1,0,2162,28,0,45.4615,0,0,0
UL,2.77404,277,4,0,1,1,8,1,0,2162,28,0,45.4615,0,0,0
UL,2.79854,279,8,2,1,1,8,1,0,2162,28,0,45.4615,0,0,0
UL,2.79879,279,8,3,1,1,8,1,0,2162,28,0,45.4615,0,0,0
UL,2.79904,279,9,0,1,1,8,1,0,2162,28,0,45.4615,0,0,0
UL,2.82354,282,3,2,1,1,8,1,0,2162,28,0,45.4615,0,0,0
UL,2.82379,282,3,3,1,1,8,1,0,2162,28,0,45.4615,0,0,0
UL,2.82404,282,4,0,1,1,8,1,0,2162,28,0,45.4615,0,0,0
UL,2.84854,284,8,2,1,1,8,1,0,2162,28,0,45.4615,0,0,0
UL,2.84879,284,8,3,1,1,8,1,0,2162,28,0,45.4615,0,0,0
UL,2.84904,284,9,0,1,1,8,1,0,2162,28,0,45.4615,0,0,0
UL,2.87354,287,3,2,1,1,8,1,0,2162,28,0,45.4615,0,0,0
UL,2.87379,287,3,3,1,1,8,1,0,2162,28,0,45.4615,0,0,0
UL,2.87404,287,4,0,1,1,8,1,0,2162,28,0,45.4615,0,0,0
UL,2.89854,289,8,2,1,1,8,1,0,2162,28,0,45.4615,0,0,0
UL,2.89879,289,8,3,1,1,8,1,0,2162,28,0,45.4615,0,0,0
UL,2.89905,289,9,0,1,2,8,1,0,4328,28,0,45.4615,0,0,0
UL,2.8993,289,9,1,2,1,8,1,0,2162,28,0,45.4615,0,0,0
UL,2.91954,291,9,2,1,1,8,1,0,2162,28,0,45.4615,0,0,0
UL,2.91979,291,9,3,1,1,8,1,0,2162,28,0,45.4615,0,0,0
UL,2.92004,292,0,0,1,1,8,1,0,2162,28,0,45.4615,0,0,0
UL,2.92354,292,3,2,1,1,8,1,0,2162,28,0,45.4615,0,0,0
UL,2.92379,292,3,3,1,1,8,1,0,2162,28,0,45.4615,0,0,0
UL,2.92405,292,4,0,1,2,8,1,0,4328,28,0,45.4615,0,0,0
UL,2.92429,292,4,1,1,1,8,1,0,2162,28,0,45.4615,0,0,0
UL,2.94454,294,4,2,1,1,8,1,0,2162,28,0,45.4615,0,0,0
UL,2.94479,294,4,3,1,1,8,1,0,2162,28,0,45.4615,0,0,0
UL,2.94857,294,8,2,3,1,8,1,0,2162,28,0,45.4615,0,0,0
UL,2.94879,294,8,3,1,1,8,1,0,2162,28,0,45.4615,0,0,0
UL,2.94905,294,9,0,1,2,8,1,0,4328,28,0,45.4615,0,0,0
UL,2.94929,294,9,1,1,1,8,1,0,2162,28,0,45.4615,0,0,0
UL,2.94955,294,9,2,2,1,8,1,0,2162,28,0,45.4615,0,0,0
UL,2.95529,295,5,1,1,1,8,1,0,2162,28,0,45.4615,0,0,0
UL,2.95554,295,5,2,1,1,8,1,0,2162,28,0,45.4615,0,0,0
UL,2.95579,295,5,3,1,1,8,1,0,2162,28,0,45.4615,0,0,0
UL,2.96979,296,9,3,1,1,8,1,0,2162,28,0,45.4615,0,0,0
UL,2.97004,297,0,0,1,1,8,1,0,2162,28,0,45.4615,0,0,0
UL,2.97029,297,0,1,1,1,8,1,0,2162,28,0,45.4615,0,0,0
UL,2.97379,297,3,3,1,1,8,1,0,2162,28,0,45.4615,0,0,0
UL,2.97404,297,4,0,1,1,8,1,0,2162,28,0,45.4615,0,0,0
UL,2.97429,297,4,1,1,1,8,1,0,2162,28,0,45.4615,0,0,0
UL,2.99454,299,4,2,1,1,8,1,0,2162,28,0,45.4615,0,0,0
UL,2.99479,299,4,3,1,1,8,1,0,2162,28,0,45.4615,0,0,0
UL,2.99504,299,5,0,1,1,8,1,0,2162,28,0,45.4615,0,0,0
UL,2.99854,299,8,2,1,1,8,1,0,2162,28,0,45.4615,0,0,0
UL,2.99879,299,8,3,1,1,8,1,0,2162,28,0,45.4615,0,0,0
UL,2.99904,299,9,0,1,1,8,1,0,2162,28,0,45.4615,0,0,0
UL,3.01929,301,9,1,1,1,8,1,0,2162,28,0,45.4615,0,0,0
UL,3.01954,301,9,2,1,1,8,1,0,2162,28,0,45.4615,0,0,0
UL,3.01979,301,9,3,1,1,8,1,0,2162,28,0,45.4615,0,0,0
UL,3.02329,302,3,1,1,1,8,1,0,2162,28,0,45.4615,0,0,0
UL,3.2233,322,3,1,1,2,8,1,0,123,0,0,45.4615,0,0,0
UL,3.22355,322,3,2,1,2,8,1,0,123,0,0,45.4615,0,0,0
UL,3.2238,322,3,3,1,2,8,1,0,123,0,0,45.4615,0,0,0
UL,3.24829,324,8,1,1,1,8,1,0,2162,28,0,45.4615,0,0,0
UL,3.4483,344,8,1,1,2,8,1,0,123,0,0,45.4615,0,0,0
UL,3.44855,344,8,2,1,2,8,1,0,123,0,0,45.4615,0,0,0
UL,3.4488,344,8,3,1,2,8,1,0,123,0,0,45.4615,0,0,0
UL,3.47329,347,3,1,1,1,8,1,0,2162,28,0,45.4615,0,0,0
UL,3.47354,347,3,2,1,1,8,1,0,2162,28,0,45.4615,0,0,0
UL,3.47379,347,3,3,1,1,8,1,0,2162,28,0,45.4615,0,0,0
UL,3.49804,349,8,0,1,1,8,1,0,2162,28,0,45.4615,0,0,0
UL,3.49829,349,8,1,1,1,8,1,0,2162,28,0,45.4615,0,0,0
UL,3.49854,349,8,2,1,1,8,1,0,2162,28,0,45.4615,0,0,0
UL,3.52279,352,2,3,1,1,8,1,0,2162,28,0,45.4615,0,0,0
UL,3.52304,352,3,0,1,1,8,1,0,2162,28,0,45.4615,0,0,0
UL,3.52329,352,3,1,1,1,8,1,0,2162,28,0,45.4615,0,0,0
UL,3.54779,354,7,3,1,1,8,1,0,2162,28,0,45.4615,0,0,0
UL,3.54804,354,8,0,1,1,8,1,0,2162,28,0,45.4615,0,0,0
UL,3.54829,354,8,1,1,1,8,1,0,2162,28,0,45.4615,0,0,0
UL,3.57279,357,2,3,1,1,8,1,0,2162,28,0,45.4615,0,0,0
UL,3.57304,357,3,0,1,1,8,1,0,2162,28,0,45.4615,0,0,0
UL,3.57329,357,3,1,1,1,8,1,0,2162,28,0,45.4615,0,0,0
UL,3.59779,359,7,3,1,1,8,1,0,2162,28,0,45.4615,0,0,0
UL,3.59804,359,8,0,1,1,8,1,0,2162,28,0,45.4615,0,0,0
UL,3.59829,359,8,1,1,1,8,1,0,2162,28,0,45.4615,0,0,0
UL,3.62279,362,2,3,1,1,8,1,0,2162,28,0,45.4615,0,0,0
UL,3.62304,362,3,0,1,1,8,1,0,2162,28,0,45.4615,0,0,0
UL,3.62329,362,3,1,1,1,8,1,0,2162,28,0,45.4615,0,0,0
UL,3.64779,364,7,3,1,1,8,1,0,2162,28,0,45.4615,0,0,0
UL,3.64804,364,8,0,1,1,8,1,0,2162,28,0,45.4615,0,0,0
UL,3.64829,364,8,1,1,1,8,1,0,2162,28,0,45.4615,0,0,0
UL,3.67279,367,2,3,1,1,8,1,0,2162,28,0,45.4615,0,0,0
UL,3.67304,367,3,0,1,1,8,1,0,2162,28,0,45.4615,0,0,0
UL,3.67329,367,3,1,1,1,8,1,0,2162,28,0,45.4615,0,0,0
UL,3.69779,369,7,3,1,1,8,1,0,2162,28,0,45.4615,0,0,0
UL,3.69804,369,8,0,1,1,8,1,0,2162,28,0,45.4615,0,0,0
UL,3.69829,369,8,1,1,1,8,1,0,2162,28,0,45.4615,0,0,0
UL,3.72279,372,2,3,1,1,8,1,0,2162,28,0,45.4615,0,0,0
UL,3.72304,372,3,0,1,1,8,1,0,2162,28,0,45.4615,0,0,0
UL,3.7233,372,3,1,1,2,8,1,0,4328,28,0,45.4615,0,0,0
UL,3.72355,372,3,2,2,1,8,1,0,2162,28,0,45.4615,0,0,0
UL,3.74379,374,3,3,1,1,8,1,0,2162,28,0,45.4615,0,0,0
UL,3.74404,374,4,0,1,1,8,1,0,2162,28,0,45.4615,0,0,0
UL,3.74429,374,4,1,1,1,8,1,0,2162,28,0,45.4615,0,0,0
UL,3.74779,374,7,3,1,1,8,1,0,2162,28,0,45.4615,0,0,0
UL,3.74804,374,8,0,1,1,8,1,0,2162,28,0,45.4615,0,0,0
UL,3.7483,374,8,1,1,2,8,1,0,4328,28,0,45.4615,0,0,0
UL,3.74854,374,8,2,1,1,8,1,0,2162,28,0,45.4615,0,0,0
UL,3.76879,376,8,3,1,1,8,1,0,2162,28,0,45.4615,0,0,0
UL,3.76904,376,9,0,1,1,8,1,0,2162,28,0,45.4615,0,0,0
UL,3.77279,377,2,3,1,1,8,1,0,2162,28,0,45.4615,0,0,0
UL,3.77304,377,3,0,1,1,8,1,0,2162,28,0,45.4615,0,0,0
UL,3.7733,377,3,1,1,2,8,1,0,4328,28,0,45.4615,0,0,0
UL,3.77355,377,3,2,2,1,8,1,0,2162,28,0,45.4615,0,0,0
UL,3.77954,377,9,2,1,1,8,1,0,2162,28,0,45.4615,0,0,0
UL,3.77979,377,9,3,1,1,8,1,0,2162,28,0,45.4615,0,0,0
UL,3.78004,378,0,0,1,1,8,1,0,2162,28,0,45.4615,0,0,0
UL,3.79379,379,3,3,1,1,8,1,0,2162,28,0,45.4615,0,0,0
UL,3.79404,379,4,0,1,1,8,1,0,2162,28,0,45.4615,0,0,0
UL,3.79429,379,4,1,1,1,8,1,0,2162,28,0,45.4615,0,0,0
UL,3.79779,379,7,3,1,1,8,1,0,2162,28,0,45.4615,0,0,0
UL,3.79804,379,8,0,1,1,8,1,0,2162,28,0,45.4615,0,0,0
UL,3.79829,379,8,1,1,1,8,1,0,2162,28,0,45.4615,0,0,0
UL,3.81854,381,8,2,1,1,8,1,0,2162,28,0,45.4615,0,0,0
UL,3.81879,381,8,3,1,1,8,1,0,2162,28,0,45.4615,0,0,0
UL,3.81904,381,9,0,1,1,8,1,0,2162,28,0,45.4615,0,0,0
UL,3.82254,382,2,2,1,1,8,1,0,2162,28,0,45.4615,0,0,0
UL,4.02255,402,2,2,1,2,8,1,0,123,0,0,45.4615,0,0,0
UL,4.0228,402,2,3,1,2,8,1,0,123,0,0,45.4615,0,0,0
UL,4.02305,402,3,0,1,2,8,1,0,123,0,0,45.4615,0,0,0
UL,4.04754,404,7,2,1,1,8,1,0,2162,28,0,45.4615,0,0,0
UL,4.24755,424,7,2,1,2,8,1,0,123,0,0,45.4615,0,0,0
UL,4.2478,424,7,3,1,2,8,1,0,123,0,0,45.4615,0,0,0
UL,4.24805,424,8,0,1,2,8,1,0,123,0,0,45.4615,0,0,0
UL,4.27254,427,2,2,1,1,8,1,0,2162,28,0,45.4615,0,0,0
UL,4.27279,427,2,3,1,1,8,1,0,2162,28,0,45.4615,0,0,0
UL,4.27304,427,3,0,1,1,8,1,0,2162,28,0,45.4615,0,0,0
UL,4.29729,429,7,1,1,1,8,1,0,2162,28,0,45.4615,0,0,0
UL,4.29754,429,7,2,1,1,8,1,0,2162,28,0,45.4615,0,0,0
UL,4.29779,429,7,3,1,1,8,1,0,2162,28,0,45.4615,0,0,0
UL,4.32204,432,2,0,1,1,8,1,0,2162,28,0,45.4615,0,0,0
UL,4.32229,432,2,1,1,1,8,1,0,2162,28,0,45.4615,0,0,0
UL,4.32254,432,2,2,1,1,8,1,0,2162,28,0,45.4615,0,0,0
UL,4.34704,434,7,0,1,1,8,1,0,2162,28,0,45.4615,0,0,0
UL,4.34729,434,7,1,1,1,8,1,0,2162,28,0,45.4615,0,0,0
UL,4.34754,434,7,2,1,1,8,1,0,2162,28,0,45.4615,0,0,0
UL,4.37204,437,2,0,1,1,8,1,0,2162,28,0,45.4615,0,0,0
UL,4.37229,437,2,1,1,1,8,1,0,2162,28,0,45.4615,0,0,0
UL,4.37254,437,2,2,1,1,8,1,0,2162,28,0,45.4615,0,0,0
UL,4.39704,439,7,0,1,1,8,1,0,2162,28,0,45.4615,0,0,0
UL,4.39729,439,7,1,1,1,8,1,0,2162,28,0,45.4615,0,0,0
UL,4.39754,439,7,2,1,1,8,1,0,2162,28,0,45.4615,0,0,0
UL,4.42204,442,2,0,1,1,8,1,0,2162,28,0,45.4615,0,0,0
UL,4.42229,442,2,1,1,1,8,1,0,2162,28,0,45.4615,0,0,0
UL,4.42254,442,2,2,1,1,8,1,0,2162,28,0,45.4615,0,0,0
UL,4.44704,444,7,0,1,1,8,1,0,2162,28,0,45.4615,0,0,0
UL,4.44729,444,7,1,1,1,8,1,0,2162,28,0,45.4615,0,0,0
UL,4.44754,444,7,2,1,1,8,1,0,2162,28,0,45.4615,0,0,0
UL,4.47204,447,2,0,1,1,8,1,0,2162,28,0,45.4615,0,0,0
UL,4.47229,447,2,1,1,1,8,1,0,2162,28,0,45.4615,0,0,0
UL,4.47254,447,2,2,1,1,8,1,0,2162,28,0,45.4615,0,0,0
UL,4.49704,449,7,0,1,1,8,1,0,2162,28,0,45.4615,0,0,0
UL,4.49729,449,7,1,1,1,8,1,0,2162,28,0,45.4615,0,0,0
UL,4.49754,449,7,2,1,1,8,1,0,2162,28,0,45.4615,0,0,0
UL,4.52204,452,2,0,1,1,8,1,0,2162,28,0,45.4615,0,0,0
UL,4.52229,452,2,1,1,1,8,1,0,2162,28,0,45.4615,0,0,0
UL,4.52255,452,2,2,1,2,8,1,0,4328,28,0,45.4615,0,0,0
UL,4.5228,452,2,3,2,1,8,1,0,2162,28,0,45.4615,0,0,0
UL,4.54304,454,3,0,1,1,8,1,0,2162,28,0,45.4615,0,0,0
UL,4.54329,454,3,1,1,1,8,1,0,2162,28,0,45.4615,0,0,0
UL,4.54354,454,3,2,1,1,8,1,0,2162,28,0,45.4615,0,0,0
UL,4.54704,454,7,0,1,1,8,1,0,2162,28,0,45.4615,0,0,0
UL,4.54729,454,7,1,1,1,8,1,0,2162,28,0,45.4615,0,0,0
UL,4.54755,454,7,2,1,2,8,1,0,4328,28,0,45.4615,0,0,0
UL,4.54779,454,7,3,1,1,8,1,0,2162,28,0,45.4615,0,0,0
UL,4.56804,456,8,0,1,1,8,1,0,2162,28,0,45.4615,0,0,0
UL,4.56829,456,8,1,1,1,8,1,0,2162,28,0,45.4615,0,0,0
UL,4.57204,457,2,0,1,1,8,1,0,2162,28,0,45.4615,0,0,0
UL,4.57229,457,2,1,1,1,8,1,0,2162,28,0,45.4615,0,0,0
UL,4.57254,457,2,2,1,1,8,1,0,2162,28,0,45.4615,0,0,0
UL,4.59204,459,2,0,1,1,8,1,0,2162,28,0,45.4615,0,0,0
UL,4.61679,461,6,3,1,1,8,1,0,2162,28,0,45.4615,0,0,0
UL,4.7968,479,6,3,1,2,8,1,0,123,0,0,45.4615,0,0,0
UL,4.79705,479,7,0,1,2,8,1,0,123,0,0,45.4615,0,0,0
UL,4.7973,479,7,1,1,2,8,1,0,123,0,0,45.4615,0,0,0
UL,4.82179,482,1,3,1,1,8,1,0,2162,28,0,45.4615,0,0,0
UL,5.0218,502,1,3,1,2,8,1,0,123,0,0,45.4615,0,0,0
UL,5.02205,502,2,0,1,2,8,1,0,123,0,0,45.4615,0,0,0
UL,5.0223,502,2,1,1,2,8,1,0,123,0,0,45.4615,0,0,0
UL,5.04679,504,6,3,1,1,8,1,0,2162,28,0,45.4615,0,0,0
UL,5.04704,504,7,0,1,1,8,1,0,2162,28,0,45.4615,0,0,0
UL,5.04729,504,7,1,1,1,8,1,0,2162,28,0,45.4615,0,0,0
UL,5.07154,507,1,2,1,1,8,1,0,2162,28,0,45.4615,0,0,0
UL,5.07179,507,1,3,1,1,8,1,0,2162,28,0,45.4615,0,0,0
UL,5.07204,507,2,0,1,1,8,1,0,2162,28,0,45.4615,0,0,0
UL,5.09629,509,6,1,1,1,8,1,0,2162,28,0,45.4615,0,0,0
UL,5.09654,509,6,2,1,1,8,1,0,2162,28,0,45.4615,0,0,0
UL,5.09679,509,6,3,1,1,8,1,0,2162,28,0,45.4615,0,0,0
UL,5.12129,512,1,1,1,1,8,1,0,2162,28,0,45.4615,0,0,0
UL,5.12154,512,1,2,1,1,8,1,0,2162,28,0,45.4615,0,0,0
UL,5.12179,512,1,3,1,1,8,1,0,2162,28,0,45.4615,0,0,0
UL,5.14629,514,6,1,1,1,8,1,0,2162,28,0,45.4615,0,0,0
UL,5.14654,514,6,2,1,1,8,1,0,2162,28,0,45.4615,0,0,0
UL,5.14679,514,6,3,1,1,8,1,0,2162,28,0,45.4615,0,0,0
UL,5.17129,517,1,1,1,1,8,1,0,2162,28,0,45.4615,0,0,0
UL,5.17154,517,1,2,1,1,8,1,0,2162,28,0,45.4615,0,0,0
UL,5.17179,517,1,3,1,1,8,1,0,2162,28,0,45.4615,0,0,0
UL,5.19629,519,6,1,1,1,8,1,0,2162,28,0,45.4615,0,0,0
UL,5.19654,519,6,2,1,1,8,1,0,2162,28,0,45.4615,0,0,0
UL,5.19679,519,6,3,1,1,8,1,0,2162,28,0,45.4615,0,0,0
UL,5.22129,522,1,1,1,1,8,1,0,2162,28,0,45.4615,0,0,0
UL,5.22154,522,1,2,1,1,8,1,0,2162,28,0,45.4615,0,0,0
UL,5.22179,522,1,3,1,1,8,1,0,2162,28,0,45.4615,0,0,0
UL,5.24629,524,6,1,1,1,8,1,0,2162,28,0,45.4615,0,0,0
UL,5.24654,524,6,2,1,1,8,1,0,2162,28,0,45.4615,0,0,0
UL,5.24679,524,6,3,1,1,8,1,0,2162,28,0,45.4615,0,0,0
UL,5.27129,527,1,1,1,1,8,1,0,2162,28,0,45.4615,0,0,0
UL,5.27154,527,1,2,1,1,8,1,0,2162,28,0,45.4615,0,0,0
UL,5.27179,527,1,3,1,1,8,1,0,2162,28,0,45.4615,0,0,0
UL,5.29629,529,6,1,1,1,8,1,0,2162,28,0,45.4615,0,0,0
UL,5.29654,529,6,2,1,1,8,1,0,2162,28,0,45.4615,0,0,0
UL,5.2968,529,6,3,1,2,8,1,0,4328,28,0,45.4615,0,0,0
UL,5.29705,529,7,0,2,1,8,1,0,2162,28,0,45.4615,0,0,0
UL,5.31729,531,7,1,1,1,8,1,0,2162,28,0,45.4615,0,0,0
UL,5.31754,531,7,2,1,1,8,1,0,2162,28,0,45.4615,0,0,0
UL,5.31779,531,7,3,1,1,8,1,0,2162,28,0,45.4615,0,0,0
UL,5.32129,532,1,1,1,1,8,1,0,2162,28,0,45.4615,0,0,0
UL,5.32154,532,1,2,1,1,8,1,0,2162,28,0,45.4615,0,0,0
UL,5.3218,532,1,3,1,2,8,1,0,4328,28,0,45.4615,0,0,0
UL,5.32204,532,2,0,1,1,8,1,0,2162,28,0,45.4615,0,0,0
UL,5.34229,534,2,1,1,1,8,1,0,2162,28,0,45.4615,0,0,0
UL,5.34254,534,2,2,1,1,8,1,0,2162,28,0,45.4615,0,0,0
UL,5.34629,534,6,1,1,1,8,1,0,2162,28,0,45.4615,0,0,0
UL,5.34654,534,6,2,1,1,8,1,0,2162,28,0,45.4615,0,0,0
UL,5.34679,534,6,3,1,1,8,1,0,2162,28,0,45.4615,0,0,0
UL,5.36629,536,6,1,1,1,8,1,0,2162,28,0,45.4615,0,0,0
UL,5.39104,539,1,0,1,1,8,1,0,2162,28,0,45.4615,0,0,0
UL,5.57105,557,1,0,1,2,8,1,0,123,0,0,45.4615,0,0,0
UL,5.5713,557,1,1,1,2,8,1,0,123,0,0,45.4615,0,0,0
UL,5.57155,557,1,2,1,2,8,1,0,123,0,0,45.4615,0,0,0
UL,5.59604,559,6,0,1,1,8,1,0,2162,28,0,45.4615,0,0,0
UL,5.79605,579,6,0,1,2,8,1,0,123,0,0,45.4615,0,0,0
UL,5.7963,579,6,1,1,2,8,1,0,123,0,0,45.4615,0,0,0
UL,5.79655,579,6,2,1,2,8,1,0,123,0,0,45.4615,0,0,0
UL,5.82104,582,1,0,1,1,8,1,0,2162,28,0,45.4615,0,0,0
UL,5.82129,582,1,1,1,1,8,1,0,2162,28,0,45.4615,0,0,0
UL,5.82154,582,1,2,1,1,8,1,0,2162,28,0,45.4615,0,0,0
UL,5.84579,584,5,3,1,1,8,1,0,2162,28,0,45.4615,0,0,0
UL,5.84604,584,6,0,1,1,8,1,0,2162,28,0,45.4615,0,0,0
UL,5.84629,584,6,1,1,1,8,1,0,2162,28,0,45.4615,0,0,0
UL,5.87054,587,0,2,1,1,8,1,0,2162,28,0,45.4615,0,0,0
UL,5.87079,587,0,3,1,1,8,1,0,2162,28,0,45.4615,0,0,0
UL,5.87104,587,1,0,1,1,8,1,0,2162,28,0,45.4615,0,0,0
UL,5.89554,589,5,2,1,1,8,1,0,2162,28,0,45.4615,0,0,0
UL,5.89579,589,5,3,1,1,8,1,0,2162,28,0,45.4615,0,0,0
UL,5.89604,589,6,0,1,1,8,1,0,2162,28,0,45.4615,0,0,0
UL,5.92054,592,0,2,1,1,8,1,0,2162,28,0,45.4615,0,0,0
UL,5.92079,592,0,3,1,1,8,1,0,2162,28,0,45.4615,0,0,0
UL,5.92104,592,1,0,1,1,8,1,0,2162,28,0,45.4615,0,0,0
UL,5.94554,594,5,2,1,1,8,1,0,2162,28,0,45.4615,0,0,0
UL,5.94579,594,5,3,1,1,8,1,0,2162,28,0,45.4615,0,0,0
UL,5.94604,594,6,0,1,1,8,1,0,2162,28,0,45.4615,0,0,0
UL,5.97054,597,0,2,1,1,8,1,0,2162,28,0,45.4615,0,0,0
UL,5.97079,597,0,3,1,1,8,1,0,2162,28,0,45.4615,0,0,0
UL,5.97104,597,1,0,1,1,8,1,0,2162,28,0,45.4615,0,0,0
UL,5.99554,599,5,2,1,1,8,1,0,2162,28,0,45.4615,0,0,0
UL,5.99579,599,5,3,1,1,8,1,0,2162,28,0,45.4615,0,0,0
UL,5.99604,599,6,0,1,1,8,1,0,2162,28,0,45.4615,0,0,0
UL,6.02054,602,0,2,1,1,8,1,0,2162,28,0,45.4615,0,0,0
UL,6.02079,602,0,3,1,1,8,1,0,2162,28,0,45.4615,0,0,0
UL,6.02104,602,1,0,1,1,8,1,0,2162,28,0,45.4615,0,0,0
UL,6.04554,604,5,2,1,1,8,1,0,2162,28,0,45.4615,0,0,0
UL,6.04579,604,5,3,1,1,8,1,0,2162,28,0,45.4615,0,0,0
UL,6.04604,604,6,0,1,1,8,1,0,2162,28,0,45.4615,0,0,0
UL,6.07029,607,0,1,1,1,8,1,0,2162,28,0,45.4615,0,0,0
UL,6.07054,607,0,2,1,1,8,1,0,2162,28,0,45.4615,0,0,0
UL,6.07079,607,0,3,1,1,8,1,0,2162,28,0,45.4615,0,0,0
UL,6.09504,609,5,0,1,1,8,1,0,2162,28,0,45.4615,0,0,0
UL,6.29505,629,5,0,1,2,8,1,0,123,0,0,45.4615,0,0,0
UL,6.2953,629,5,1,1,2,8,1,0,123,0,0,45.4615,0,0,0
UL,6.29555,629,5,2,1,2,8,1,0,123,0,0,45.4615,0,0,0
UL,6.32004,632,0,0,1,1,8,1,0,2162,28,0,45.4615,0,0,0
UL,6.52005,652,0,0,1,2,8,1,0,123,0,0,45.4615,0,0,0
UL,6.5203,652,0,1,1,2,8,1,0,123,0,0,45.4615,0,0,0
UL,6.52055,652,0,2,1,2,8,1,0,123,0,0,45.4615,0,0,0
UL,6.54504,654,5,0,1,1,8,1,0,2162,28,0,45.4615,0,0,0
UL,6.54529,654,5,1,1,1,8,1,0,2162,28,0,45.4615,0,0,0
UL,6.54554,654,5,2,1,1,8,1,0,2162,28,0,45.4615,0,0,0
UL,6.56979,656,9,3,1,1,8,1,0,2162,28,0,45.4615,0,0,0
UL,6.57004,657,0,0,1,1,8,1,0,2162,28,0,45.4615,0,0,0
UL,6.57029,657,0,1,1,1,8,1,0,2162,28,0,45.4615,0,0,0
UL,6.59454,659,4,2,1,1,8,1,0,2162,28,0,45.4615,0,0,0
UL,6.59479,659,4,3,1,1,8,1,0,2162,28,0,45.4615,0,0,0
UL,6.59504,659,5,0,1,1,8,1,0,2162,28,0,45.4615,0,0,0
UL,6.61954,661,9,2,1,1,8,1,0,2162,28,0,45.4615,0,0,0
UL,6.61979,661,9,3,1,1,8,1,0,2162,28,0,45.4615,0,0,0
UL,6.62004,662,0,0,1,1,8,1,0,2162,28,0,45.4615,0,0,0
UL,6.64454,664,4,2,1,1,8,1,0,2162,28,0,45.4615,0,0,0
UL,6.64479,664,4,3,1,1,8,1,0,2162,28,0,45.4615,0,0,0
UL,6.64504,664,5,0,1,1,8,1,0,2162,28,0,45.4615,0,0,0
UL,6.66954,666,9,2,1,1,8,1,0,2162,28,0,45.4615,0,0,0
UL,6.66979,666,9,3,1,1,8,1,0,2162,28,0,45.4615,0,0,0
UL,6.67004,667,0,0,1,1,8,1,0,2162,28,0,45.4615,0,0,0
UL,6.69454,669,4,2,1,1,8,1,0,2162,28,0,45.4615,0,0,0
UL,6.69479,669,4,3,1,1,8,1,0,2162,28,0,45.4615,0,0,0
UL,6.69504,669,5,0,1,1,8,1,0,2162,28,0,45.4615,0,0,0
UL,6.71954,671,9,2,1,1,8,1,0,2162,28,0,45.4615,0,0,0
UL,6.71979,671,9,3,1,1,8,1,0,2162,28,0,45.4615,0,0,0
UL,6.72004,672,0,0,1,1,8,1,0,2162,28,0,45.4615,0,0,0
UL,6.74454,674,4,2,1,1,8,1,0,2162,28,0,45.4615,0,0,0
UL,6.74479,674,4,3,1,1,8,1,0,2162,28,0,45.4615,0,0,0
UL,6.74504,674,5,0,1,1,8,1,0,2162,28,0,45.4615,0,0,0
UL,6.76954,676,9,2,1,1,8,1,0,2162,28,0,45.4615,0,0,0
UL,6.76979,676,9,3,1,1,8,1,0,2162,28,0,45.4615,0,0,0
UL,6.77004,677,0,0,1,1,8,1,0,2162,28,0,45.4615,0,0,0
UL,6.79454,679,4,2,1,1,8,1,0,2162,28,0,45.4615,0,0,0
UL,6.79479,679,4,3,1,1,8,1,0,2162,28,0,45.4615,0,0,0
UL,6.79505,679,5,0,1,2,8,1,0,4328,28,0,45.4615,0,0,0
UL,6.7953,679,5,1,2,1,8,1,0,2162,28,0,45.4615,0,0,0
UL,6.81554,681,5,2,1,1,8,1,0,2162,28,0,45.4615,0,0,0
UL,6.81579,681,5,3,1,1,8,1,0,2162,28,0,45.4615,0,0,0
UL,6.81604,681,6,0,1,1,8,1,0,2162,28,0,45.4615,0,0,0
UL,6.81954,681,9,2,1,1,8,1,0,2162,28,0,45.4615,0,0,0
UL,6.81979,681,9,3,1,1,8,1,0,2162,28,0,45.4615,0,0,0
UL,6.82004,682,0,0,1,1,8,1,0,2162,28,0,45.4615,0,0,0
UL,6.84029,684,0,1,1,1,8,1,0,2162,28,0,45.4615,0,0,0
UL,6.84054,684,0,2,1,1,8,1,0,2162,28,0,45.4615,0,0,0
UL,6.84079,684,0,3,1,1,8,1,0,2162,28,0,45.4615,0,0,0
UL,6.84429,684,4,1,1,1,8,1,0,2162,28,0,45.4615,0,0,0
UL,7.0443,704,4,1,1,2,8,1,0,123,0,0,45.4615,0,0,0
UL,7.04455,704,4,2,1,2,8,1,0,123,0,0,45.4615,0,0,0
UL,7.0448,704,4,3,1,2,8,1,0,123,0,0,45.4615,0,0,0
UL,7.06929,706,9,1,1,1,8,1,0,2162,28,0,45.4615,0,0,0
UL,7.2693,726,9,1,1,2,8,1,0,123,0,0,45.4615,0,0,0
UL,7.26955,726,9,2,1,2,8,1,0,123,0,0,45.4615,0,0,0
UL,7.2698,726,9,3,1,2,8,1,0,123,0,0,45.4615,0,0,0
UL,7.29429,729,4,1,1,1,8,1,0,2162,28,0,45.4615,0,0,0
UL,7.29454,729,4,2,1,1,8,1,0,2162,28,0,45.4615,0,0,0
UL,7.29479,729,4,3,1,1,8,1,0,2162,28,0,45.4615,0,0,0
UL,7.31904,731,9,0,1,1,8,1,0,2162,28,0,45.4615,0,0,0
UL,7.31929,731,9,1,1,1,8,1,0,2162,28,0,45.4615,0,0,0
UL,7.31954,731,9,2,1,1,8,1,0,2162,28,0,45.4615,0,0,0
UL,7.34379,734,3,3,1,1,8,1,0,2162,28,0,45.4615,0,0,0
UL,7.34404,734,4,0,1,1,8,1,0,2162,28,0,45.4615,0,0,0
UL,7.34429,734,4,1,1,1,8,1,0,2162,28,0,45.4615,0,0,0
UL,7.36879,736,8,3,1,1,8,1,0,2162,28,0,45.4615,0,0,0
UL,7.36904,736,9,0,1,1,8,1,0,2162,28,0,45.4615,0,0,0
UL,7.36929,736,9,1,1,1,8,1,0,2162,28,0,45.4615,0,0,0
UL,7.39379,739,3,3,1,1,8,1,0,2162,28,0,45.4615,0,0,0
UL,7.39404,739,4,0,1,1,8,1,0,2162,28,0,45.4615,0,0,0
UL,7.39429,739,4,1,1,1,8,1,0,2162,28,0,45.4615,0,0,0
UL,7.41879,741,8,3,1,1,8,1,0,2162,28,0,45.4615,0,0,0
UL,7.41904,741,9,0,1,1,8,1,0,2162,28,0,45.4615,0,0,0
UL,7.41929,741,9,1,1,1,8,1,0,2162,28,0,45.4615,0,0,0
UL,7.44379,744,3,3,1,1,8,1,0,2162,28,0,45.4615,0,0,0
UL,7.44404,744,4,0,1,1,8,1,0,2162,28,0,45.4615,0,0,0
UL,7.44429,744,4,1,1,1,8,1,0,2162,28,0,45.4615,0,0,0
UL,7.46879,746,8,3,1,1,8,1,0,2162,28,0,45.4615,0,0,0
UL,7.46904,746,9,0,1,1,8,1,0,2162,28,0,45.4615,0,0,0
UL,7.46929,746,9,1,1,1,8,1,0,2162,28,0,45.4615,0,0,0
UL,7.49379,749,3,3,1,1,8,1,0,2162,28,0,45.4615,0,0,0
UL,7.49404,749,4,0,1,1,8,1,0,2162,28,0,45.4615,0,0,0
UL,7.49429,749,4,1,1,1,8,1,0,2162,28,0,45.4615,0,0,0
UL,7.51879,751,8,3,1,1,8,1,0,2162,28,0,45.4615,0,0,0
UL,7.51904,751,9,0,1,1,8,1,0,2162,28,0,45.4615,0,0,0
UL,7.51929,751,9,1,1,1,8,1,0,2162,28,0,45.4615,0,0,0
UL,7.54379,754,3,3,1,1,8,1,0,2162,28,0,45.4615,0,0,0
UL,7.54404,754,4,0,1,1,8,1,0,2162,28,0,45.4615,0,0,0
UL,7.5443,754,4,1,1,2,8,1,0,4328,28,0,45.4615,0,0,0
UL,7.54455,754,4,2,2,1,8,1,0,2162,28,0,45.4615,0,0,0
UL,7.56479,756,4,3,1,1,8,1,0,2162,28,0,45.4615,0,0,0
UL,7.56504,756,5,0,1,1,8,1,0,2162,28,0,45.4615,0,0,0
UL,7.56529,756,5,1,1,1,8,1,0,2162,28,0,45.4615,0,0,0
UL,7.56879,756,8,3,1,1,8,1,0,2162,28,0,45.4615,0,0,0
UL,7.56904,756,9,0,1,1,8,1,0,2162,28,0,45.4615,0,0,0
UL,7.5693,756,9,1,1,2,8,1,0,4328,28,0,45.4615,0,0,0
UL,7.56954,756,9,2,1,1,8,1,0,2162,28,0,45.4615,0,0,0
UL,7.58979,758,9,3,1,1,8,1,0,2162,28,0,45.4615,0,0,0
UL,7.59004,759,0,0,1,1,8,1,0,2162,28,0,45.4615,0,0,0
UL,7.59379,759,3,3,1,1,8,1,0,2162,28,0,45.4615,0,0,0
UL,7.59404,759,4,0,1,1,8,1,0,2162,28,0,45.4615,0,0,0
UL,7.5943,759,4,1,1,2,8,1,0,4328,28,0,45.4615,0,0,0
UL,7.59455,759,4,2,2,1,8,1,0,2162,28,0,45.4615,0,0,0
UL,7.59479,759,4,3,1,1,8,1,0,2162,28,0,45.4615,0,0,0
UL,7.60054,760,0,2,1,1,8,1,0,2162,28,0,45.4615,0,0,0
UL,7.60079,760,0,3,1,1,8,1,0,2162,28,0,45.4615,0,0,0
UL,7.60104,760,1,0,1,1,8,1,0,2162,28,0,45.4615,0,0,0
UL,7.61505,761,5,0,1,2,8,1,0,4328,28,0,45.4615,0,0,0
UL,7.6153,761,5,1,1,2,8,1,0,4328,28,0,45.4615,0,0,0
UL,7.61555,761,5,2,1,2,8,1,0,4328,28,0,45.4615,0,0,0
UL,7.61579,761,5,3,1,1,8,1,0,2162,28,0,45.4615,0,0,0
UL,7.61929,761,9,1,1,1,8,1,0,2162,28,0,45.4615,0,0,0
UL,7.61954,761,9,2,1,1,8,1,0,2162,28,0,45.4615,0,0,0
UL,7.61979,761,9,3,1,1,8,1,0,2162,28,0,45.4615,0,0,0
UL,7.64004,764,0,0,1,1,8,1,0,2162,28,0,45.4615,0,0,0
UL,7.64029,764,0,1,1,1,8,1,0,2162,28,0,45.4615,0,0,0
UL,7.64054,764,0,2,1,1,8,1,0,2162,28,0,45.4615,0,0,0
UL,7.64404,764,4,0,1,1,8,1,0,2162,28,0,45.4615,0,0,0
UL,7.84405,784,4,0,1,2,8,1,0,123,0,0,45.4615,0,0,0
UL,7.8443,784,4,1,1,2,8,1,0,123,0,0,45.4615,0,0,0
UL,7.84455,784,4,2,1,2,8,1,0,123,0,0,45.4615,0,0,0
UL,7.86904,786,9,0,1,1,8,1,0,2162,28,0,45.4615,0,0,0
UL,8.06905,806,9,0,1,2,8,1,0,123,0,0,45.4615,0,0,0
UL,8.0693,806,9,1,1,2,8,1,0,123,0,0,45.4615,0,0,0
UL,8.06955,806,9,2,1,2,8,1,0,123,0,0,45.4615,0,0,0
UL,8.09404,809,4,0,1,1,8,1,0,2162,28,0,45.4615,0,0,0
UL,8.09429,809,4,1,1,1,8,1,0,2162,28,0,45.4615,0,0,0
UL,8.09454,809,4,2,1,1,8,1,0,2162,28,0,45.4615,0,0,0
UL,8.11879,811,8,3,1,1,8,1,0,2162,28,0,45.4615,0,0,0
UL,8.11904,811,9,0,1,1,8,1,0,2162,28,0,45.4615,0,0,0
UL,8.11929,811,9,1,1,1,8,1,0,2162,28,0,45.4615,0,0,0
UL,8.14354,814,3,2,1,1,8,1,0,2162,28,0,45.4615,0,0,0
UL,8.14379,814,3,3,1,1,8,1,0,2162,28,0,45.4615,0,0,0
UL,8.14404,814,4,0,1,1,8,1,0,2162,28,0,45.4615,0,0,0
UL,8.16854,816,8,2,1,1,8,1,0,2162,28,0,45.4615,0,0,0
UL,8.16879,816,8,3,1,1,8,1,0,2162,28,0,45.4615,0,0,0
UL,8.16904,816,9,0,1,1,8,1,0,2162,28,0,45.4615,0,0,0
UL,8.19354,819,3,2,1,1,8,1,0,2162,28,0,45.4615,0,0,0
UL,8.19379,819,3,3,1,1,8,1,0,2162,28,0,45.4615,0,0,0
UL,8.19404,819,4,0,1,1,8,1,0,2162,28,0,45.4615,0,0,0
UL,8.21854,821,8,2,1,1,8,1,0,2162,28,0,45.4615,0,0,0
UL,8.21879,821,8,3,1,1,8,1,0,2162,28,0,45.4615,0,0,0
UL,8.21904,821,9,0,1,1,8,1,0,2162,28,0,45.4615,0,0,0
UL,8.24354,824,3,2,1,1,8,1,0,2162,28,0,45.4615,0,0,0
UL,8.24379,824,3,3,1,1,8,1,0,2162,28,0,45.4615,0,0,0
UL,8.24404,824,4,0,1,1,8,1,0,2162,28,0,45.4615,0,0,0
UL,8.26854,826,8,2,1,1,8,1,0,2162,28,0,45.4615,0,0,0
UL,8.26879,826,8,3,1,1,8,1,0,2162,28,0,45.4615,0,0,0
UL,8.26904,826,9,0,1,1,8,1,0,2162,28,0,45.4615,0,0,0
UL,8.29354,829,3,2,1,1,8,1,0,2162,28,0,45.4615,0,0,0
UL,8.29379,829,3,3,1,1,8,1,0,2162,28,0,45.4615,0,0,0
UL,8.29404,829,4,0,1,1,8,1,0,2162,28,0,45.4615,0,0,0
UL,8.31854,831,8,2,1,1,8,1,0,2162,28,0,45.4615,0,0,0
UL,8.31879,831,8,3,1,1,8,1,0,2162,28,0,45.4615,0,0,0
UL,8.31904,831,9,0,1,1,8,1,0,2162,28,0,45.4615,0,0,0
UL,8.34354,834,3,2,1,1,8,1,0,2162,28,0,45.4615,0,0,0
UL,8.34379,834,3,3,1,1,8,1,0,2162,28,0,45.4615,0,0,0
UL,8.34405,834,4,0,1,2,8,1,0,4328,28,0,45.4615,0,0,0
UL,8.3443,834,4,1,2,1,8,1,0,2162,28,0,45.4615,0,0,0
UL,8.36454,836,4,2,1,1,8,1,0,2162,28,0,45.4615,0,0,0
UL,8.36479,836,4,3,1,1,8,1,0,2162,28,0,45.4615,0,0,0
UL,8.36504,836,5,0,1,1,8,1,0,2162,28,0,45.4615,0,0,0
UL,8.36854,836,8,2,1,1,8,1,0,2162,28,0,45.4615,0,0,0
UL,8.36879,836,8,3,1,1,8,1,0,2162,28,0,45.4615,0,0,0
UL,8.36905,836,9,0,1,2,8,1,0,4328,28,0,45.4615,0,0,0
UL,8.36929,836,9,1,1,1,8,1,0,2162,28,0,45.4615,0,0,0
UL,8.38954,838,9,2,1,1,8,1,0,2162,28,0,45.4615,0,0,0
UL,8.38979,838,9,3,1,1,8,1,0,2162,28,0,45.4615,0,0,0
UL,8.39354,839,3,2,1,1,8,1,0,2162,28,0,45.4615,0,0,0
UL,8.39379,839,3,3,1,1,8,1,0,2162,28,0,45.4615,0,0,0
UL,8.39404,839,4,0,1,1,8,1,0,2162,28,0,45.4615,0,0,0
UL,8.41379,841,3,3,1,1,8,1,0,2162,28,0,45.4615,0,0,0
UL,8.41404,841,4,0,1,1,8,1,0,2162,28,0,45.4615,0,0,0
UL,8.41829,841,8,1,1,1,8,1,0,2162,28,0,45.4615,0,0,0
UL,8.41854,841,8,2,1,1,8,1,0,2162,28,0,45.4615,0,0,0
UL,8.41879,841,8,3,1,1,8,1,0,2162,28,0,45.4615,0,0,0
UL,8.43829,843,8,1,1,1,8,1,0,2162,28,0,45.4615,0,0,0
UL,8.46304,846,3,0,1,1,8,1,0,2162,28,0,45.4615,0,0,0
UL,8.64305,864,3,0,1,2,8,1,0,123,0,0,45.4615,0,0,0
UL,8.6433,864,3,1,1,2,8,1,0,123,0,0,45.4615,0,0,0
UL,8.64355,864,3,2,1,2,8,1,0,123,0,0,45.4615,0,0,0
UL,8.66804,866,8,0,1,1,8,1,0,2162,28,0,45.4615,0,0,0
UL,8.86805,886,8,0,1,2,8,1,0,123,0,0,45.4615,0,0,0
UL,8.8683,886,8,1,1,2,8,1,0,123,0,0,45.4615,0,0,0
UL,8.86855,886,8,2,1,2,8,1,0,123,0,0,45.4615,0,0,0
UL,8.89304,889,3,0,1,1,8,1,0,2162,28,0,45.4615,0,0,0
UL,8.89329,889,3,1,1,1,8,1,0,2162,28,0,45.4615,0,0,0
UL,8.89354,889,3,2,1,1,8,1,0,2162,28,0,45.4615,0,0,0
UL,8.91779,891,7,3,1,1,8,1,0,2162,28,0,45.4615,0,0,0
UL,8.91804,891,8,0,1,1,8,1,0,2162,28,0,45.4615,0,0,0
UL,8.91829,891,8,1,1,1,8,1,0,2162,28,0,45.4615,0,0,0
UL,8.94254,894,2,2,1,1,8,1,0,2162,28,0,45.4615,0,0,0
UL,8.94279,894,2,3,1,1,8,1,0,2162,28,0,45.4615,0,0,0
UL,8.94304,894,3,0,1,1,8,1,0,2162,28,0,45.4615,0,0,0
UL,8.96754,896,7,2,1,1,8,1,0,2162,28,0,45.4615,0,0,0
UL,8.96779,896,7,3,1,1,8,1,0,2162,28,0,45.4615,0,0,0
UL,8.96804,896,8,0,1,1,8,1,0,2162,28,0,45.4615,0,0,0
UL,8.99254,899,2,2,1,1,8,1,0,2162,28,0,45.4615,0,0,0
UL,8.99279,899,2,3,1,1,8,1,0,2162,28,0,45.4615,0,0,0
UL,8.99304,899,3,0,1,1,8,1,0,2162,28,0,45.4615,0,0,0
UL,9.01754,901,7,2,1,1,8,1,0,2162,28,0,45.4615,0,0,0
UL,9.01779,901,7,3,1,1,8,1,0,2162,28,0,45.4615,0,0,0
UL,9.01804,901,8,0,1,1,8,1,0,2162,28,0,45.4615,0,0,0
UL,9.04254,904,2,2,1,1,8,1,0,2162,28,0,45.4615,0,0,0
UL,9.04279,904,2,3,1,1,8,1,0,2162,28,0,45.4615,0,0,0
UL,9.04304,904,3,0,1,1,8,1,0,2162,28,0,45.4615,0,0,0
UL,9.06754,906,7,2,1,1,8,1,0,2162,28,0,45.4615,0,0,0
UL,9.06779,906,7,3,1,1,8,1,0,2162,28,0,45.4615,0,0,0
UL,9.06804,906,8,0,1,1,8,1,0,2162,28,0,45.4615,0,0,0
UL,9.09254,909,2,2,1,1,8,1,0,2162,28,0,45.4615,0,0,0
UL,9.09279,909,2,3,1,1,8,1,0,2162,28,0,45.4615,0,0,0
UL,9.09304,909,3,0,1,1,8,1,0,2162,28,0,45.4615,0,0,0
UL,9.11754,911,7,2,1,1,8,1,0,2162,28,0,45.4615,0,0,0
UL,9.11779,911,7,3,1,1,8,1,0,2162,28,0,45.4615,0,0,0
UL,9.11804,911,8,0,1,1,8,1,0,2162,28,0,45.4615,0,0,0
UL,9.14254,914,2,2,1,1,8,1,0,2162,28,0,45.4615,0,0,0
UL,9.14279,914,2,3,1,1,8,1,0,2162,28,0,45.4615,0,0,0
UL,9.14305,914,3,0,1,2,8,1,0,4328,28,0,45.4615,0,0,0
UL,9.1433,914,3,1,2,1,8,1,0,2162,28,0,45.4615,0,0,0
UL,9.16354,916,3,2,1,1,8,1,0,2162,28,0,45.4615,0,0,0
UL,9.16379,916,3,3,1,1,8,1,0,2162,28,0,45.4615,0,0,0
UL,9.16404,916,4,0,1,1,8,1,0,2162,28,0,45.4615,0,0,0
UL,9.16754,916,7,2,1,1,8,1,0,2162,28,0,45.4615,0,0,0
UL,9.16779,916,7,3,1,1,8,1,0,2162,28,0,45.4615,0,0,0
UL,9.16805,916,8,0,1,2,8,1,0,4328,28,0,45.4615,0,0,0
UL,9.16829,916,8,1,1,1,8,1,0,2162,28,0,45.4615,0,0,0
UL,9.18855,918,8,2,1,2,8,1,0,4328,28,0,45.4615,0,0,0
UL,9.1888,918,8,3,1,2,8,1,0,4328,28,0,45.4615,0,0,0
UL,9.18905,918,9,0,1,2,8,1,0,4328,28,0,45.4615,0,0,0
UL,9.18929,918,9,1,1,1,8,1,0,2162,28,0,45.4615,0,0,0
UL,12.1498,1214,9,3,1,2,8,1,0,123,0,0,45.4615,0,0,0
UL,12.1501,1215,0,0,1,2,8,1,0,123,0,0,45.4615,0,0,0
UL,12.1503,1215,0,1,1,2,8,1,0,123,0,0,45.4615,0,0,0
UL,12.1748,1217,4,3,1,1,8,1,0,2162,28,0,45.4615,0,0,0
UL,12.175,1217,5,0,1,1,8,1,0,2162,28,0,45.4615,0,0,0
UL,12.1753,1217,5,1,1,1,8,1,0,2162,28,0,45.4615,0,0,0
UL,12.1995,1219,9,2,1,1,8,1,0,2162,28,0,45.4615,0,0,0
UL,12.3996,1239,9,2,1,2,8,1,0,123,0,0,45.4615,0,0,0
UL,12.3998,1239,9,3,1,2,8,1,0,123,0,0,45.4615,0,0,0
UL,12.4001,1240,0,0,1,2,8,1,0,123,0,0,45.4615,0,0,0
UL,12.4245,1242,4,2,1,1,8,1,0,2162,28,0,45.4615,0,0,0
UL,12.6246,1262,4,2,1,2,8,1,0,123,0,0,45.4615,0,0,0
UL,12.6248,1262,4,3,1,2,8,1,0,123,0,0,45.4615,0,0,0
UL,12.6251,1262,5,0,1,2,8,1,0,123,0,0,45.4615,0,0,0
UL,12.6495,1264,9,2,1,1,8,1,0,2162,28,0,45.4615,0,0,0
UL,12.6498,1264,9,3,1,1,8,1,0,2162,28,0,45.4615,0,0,0
UL,12.65,1265,0,0,1,1,8,1,0,2162,28,0,45.4615,0,0,0
UL,12.6743,1267,4,1,1,1,8,1,0,2162,28,0,45.4615,0,0,0
UL,12.6745,1267,4,2,1,1,8,1,0,2162,28,0,45.4615,0,0,0
UL,12.6748,1267,4,3,1,1,8,1,0,2162,28,0,45.4615,0,0,0
UL,12.699,1269,9,0,1,1,8,1,0,2162,28,0,45.4615,0,0,0
UL,12.6993,1269,9,1,1,1,8,1,0,2162,28,0,45.4615,0,0,0
UL,12.6995,1269,9,2,1,1,8,1,0,2162,28,0,45.4615,0,0,0
UL,12.724,1272,4,0,1,1,8,1,0,2162,28,0,45.4615,0,0,0
UL,12.7243,1272,4,1,1,1,8,1,0,2162,28,0,45.4615,0,0,0
UL,12.7245,1272,4,2,1,1,8,1,0,2162,28,0,45.4615,0,0,0
UL,12.749,1274,9,0,1,1,8,1,0,2162,28,0,45.4615,0,0,0
UL,12.7493,1274,9,1,1,1,8,1,0,2162,28,0,45.4615,0,0,0
UL,12.7495,1274,9,2,1,1,8,1,0,2162,28,0,45.4615,0,0,0
UL,12.774,1277,4,0,1,1,8,1,0,2162,28,0,45.4615,0,0,0
UL,12.7743,1277,4,1,1,1,8,1,0,2162,28,0,45.4615,0,0,0
UL,12.7745,1277,4,2,1,1,8,1,0,2162,28,0,45.4615,0,0,0
UL,12.799,1279,9,0,1,1,8,1,0,2162,28,0,45.4615,0,0,0
UL,12.7993,1279,9,1,1,1,8,1,0,2162,28,0,45.4615,0,0,0
UL,12.7995,1279,9,2,1,1,8,1,0,2162,28,0,45.4615,0,0,0
UL,12.824,1282,4,0,1,1,8,1,0,2162,28,0,45.4615,0,0,0
UL,12.8243,1282,4,1,1,1,8,1,0,2162,28,0,45.4615,0,0,0
UL,12.8245,1282,4,2,1,1,8,1,0,2162,28,0,45.4615,0,0,0
UL,12.849,1284,9,0,1,1,8,1,0,2162,28,0,45.4615,0,0,0
UL,12.8493,1284,9,1,1,1,8,1,0,2162,28,0,45.4615,0,0,0
UL,12.8495,1284,9,2,1,1,8,1,0,2162,28,0,45.4615,0,0,0
UL,12.874,1287,4,0,1,1,8,1,0,2162,28,0,45.4615,0,0,0
UL,12.8743,1287,4,1,1,1,8,1,0,2162,28,0,45.4615,0,0,0
UL,12.8745,1287,4,2,1,1,8,1,0,2162,28,0,45.4615,0,0,0
UL,12.899,1289,9,0,1,1,8,1,0,2162,28,0,45.4615,0,0,0
UL,12.8993,1289,9,1,1,1,8,1,0,2162,28,0,45.4615,0,0,0
UL,12.8996,1289,9,2,1,2,8,1,0,4328,28,0,45.4615,0,0,0
UL,12.8998,1289,9,3,2,1,8,1,0,2162,28,0,45.4615,0,0,0
UL,12.92,1292,0,0,1,1,8,1,0,2162,28,0,45.4615,0,0,0
UL,12.9203,1292,0,1,1,1,8,1,0,2162,28,0,45.4615,0,0,0
UL,12.9205,1292,0,2,1,1,8,1,0,2162,28,0,45.4615,0,0,0
UL,12.924,1292,4,0,1,1,8,1,0,2162,28,0,45.4615,0,0,0
UL,12.9243,1292,4,1,1,1,8,1,0,2162,28,0,45.4615,0,0,0
UL,12.9245,1292,4,2,1,1,8,1,0,2162,28,0,45.4615,0,0,0
UL,12.9448,1294,4,3,1,1,8,1,0,2162,28,0,45.4615,0,0,0
UL,12.945,1294,5,0,1,1,8,1,0,2162,28,0,45.4615,0,0,0
UL,12.9453,1294,5,1,1,1,8,1,0,2162,28,0,45.4615,0,0,0
UL,16.1498,1614,9,3,1,2,8,1,0,123,0,0,45.4615,0,0,0
UL,16.1501,1615,0,0,1,2,8,1,0,123,0,0,45.4615,0,0,0
UL,16.1503,1615,0,1,1,2,8,1,0,123,0,0,45.4615,0,0,0
UL,16.1748,1617,4,3,1,1,8,1,0,2162,28,0,45.4615,0,0,0
UL,16.175,1617,5,0,1,1,8,1,0,2162,28,0,45.4615,0,0,0
UL,16.1753,1617,5,1,1,1,8,1,0,2162,28,0,45.4615,0,0,0
UL,16.1995,1619,9,2,1,1,8,1,0,2162,28,0,45.4615,0,0,0
UL,16.3996,1639,9,2,1,2,8,1,0,123,0,0,45.4615,0,0,0
UL,16.3998,1639,9,3,1,2,8,1,0,123,0,0,45.4615,0,0,0
UL,16.4001,1640,0,0,1,2,8,1,0,123,0,0,45.4615,0,0,0
UL,16.4245,1642,4,2,1,1,8,1,0,2162,28,0,45.4615,0,0,0
UL,16.6246,1662,4,2,1,2,8,1,0,123,0,0,45.4615,0,0,0
UL,16.6248,1662,4,3,1,2,8,1,0,123,0,0,45.4615,0,0,0
UL,16.6251,1662,5,0,1,2,8,1,0,123,0,0,45.4615,0,0,0
UL,16.6495,1664,9,2,1,1,8,1,0,2162,28,0,45.4615,0,0,0
UL,16.6498,1664,9,3,1,1,8,1,0,2162,28,0,45.4615,0,0,0
UL,16.65,1665,0,0,1,1,8,1,0,2162,28,0,45.4615,0,0,0
UL,16.6743,1667,4,1,1,1,8,1,0,2162,28,0,45.4615,0,0,0
UL,16.6745,1667,4,2,1,1,8,1,0,2162,28,0,45.4615,0,0,0
UL,16.6748,1667,4,3,1,1,8,1,0,2162,28,0,45.4615,0,0,0
UL,16.699,1669,9,0,1,1,8,1,0,2162,28,0,45.4615,0,0,0
UL,16.6993,1669,9,1,1,1,8,1,0,2162,28,0,45.4615,0,0,0
UL,16.6995,1669,9,2,1,1,8,1,0,2162,28,0,45.4615,0,0,0
UL,16.724,1672,4,0,1,1,8,1,0,2162,28,0,45.4615,0,0,0
UL,16.7243,1672,4,1,1,1,8,1,0,2162,28,0,45.4615,0,0,0
UL,16.7245,1672,4,2,1,1,8,1,0,2162,28,0,45.4615,0,0,0
UL,16.749,1674,9,0,1,1,8,1,0,2162,28,0,45.4615,0,0,0
UL,16.7493,1674,9,1,1,1,8,1,0,2162,28,0,45.4615,0,0,0
UL,16.7495,1674,9,2,1,1,8,1,0,2162,28,0,45.4615,0,0,0
UL,16.774,1677,4,0,1,1,8,1,0,2162,28,0,45.4615,0,0,0
UL,16.7743,1677,4,1,1,1,8,1,0,2162,28,0,45.4615,0,0,0
UL,16.7745,1677,4,2,1,1,8,1,0,2162,28,0,45.4615,0,0,0
UL,16.799,1679,9,0,1,1,8,1,0,2162,28,0,45.4615,0,0,0
UL,16.7993,1679,9,1,1,1,8,1,0,2162,28,0,45.4615,0,0,0
UL,16.7995,1679,9,2,1,1,8,1,0,2162,28,0,45.4615,0,0,0
UL,16.824,1682,4,0,1,1,8,1,0,2162,28,0,45.4615,0,0,0
UL,16.8243,1682,4,1,1,1,8,1,0,2162,28,0,45.4615,0,0,0
UL,16.8245,1682,4,2,1,1,8,1,0,2162,28,0,45.4615,0,0,0
UL,16.849,1684,9,0,1,1,8,1,0,2162,28,0,45.4615,0,0,0
UL,16.8493,1684,9,1,1,1,8,1,0,2162,28,0,45.4615,0,0,0
UL,16.8495,1684,9,2,1,1,8,1,0,2162,28,0,45.4615,0,0,0
UL,16.874,1687,4,0,1,1,8,1,0,2162,28,0,45.4615,0,0,0
UL,16.8743,1687,4,1,1,1,8,1,0,2162,28,0,45.4615,0,0,0
UL,16.8745,1687,4,2,1,1,8,1,0,2162,28,0,45.4615,0,0,0
UL,16.899,1689,9,0,1,1,8,1,0,2162,28,0,45.4615,0,0,0
UL,16.8993,1689,9,1,1,1,8,1,0,2162,28,0,45.4615,0,0,0
UL,16.8996,1689,9,2,1,2,8,1,0,4328,28,0,45.4615,0,0,0
UL,16.8998,1689,9,3,2,1,8,1,0,2162,28,0,45.4615,0,0,0
UL,16.92,1692,0,0,1,1,8,1,0,2162,28,0,45.4615,0,0,0
UL,16.9203,1692,0,1,1,1,8,1,0,2162,28,0,45.4615,0,0,0
UL,16.9205,1692,0,2,1,1,8,1,0,2162,28,0,45.4615,0,0,0
UL,16.924,1692,4,0,1,1,8,1,0,2162,28,0,45.4615,0,0,0
UL,16.9243,1692,4,1,1,1,8,1,0,2162,28,0,45.4615,0,0,0
UL,16.9245,1692,4,2,1,1,8,1,0,2162,28,0,45.4615,0,0,0
UL,16.9448,1694,4,3,1,1,8,1,0,2162,28,0,45.4615,0,0,0
UL,16.945,1694,5,0,1,1,8,1,0,2162,28,0,45.4615,0,0,0
UL,16.9453,1694,5,1,1,1,8,1,0,2162,28,0,45.4615,0,0,0
UL,20.1498,2014,9,3,1,2,8,1,0,123,0,0,45.4615,0,0,0
UL,20.1501,2015,0,0,1,2,8,1,0,123,0,0,45.4615,0,0,0
UL,20.1503,2015,0,1,1,2,8,1,0,123,0,0,45.4615,0,0,0
UL,20.1748,2017,4,3,1,1,8,1,0,2162,28,0,45.4615,0,0,0
UL,20.175,2017,5,0,1,1,8,1,0,2162,28,0,45.4615,0,0,0
UL,20.1753,2017,5,1,1,1,8,1,0,2162,28,0,45.4615,0,0,0
UL,20.1995,2019,9,2,1,1,8,1,0,2162,28,0,45.4615,0,0,0
UL,20.3996,2039,9,2,1,2,8,1,0,123,0,0,45.4615,0,0,0
UL,20.3998,2039,9,3,1,2,8,1,0,123,0,0,45.4615,0,0,0
UL,20.4001,2040,0,0,1,2,8,1,0,123,0,0,45.4615,0,0,0
UL,20.4245,2042,4,2,1,1,8,1,0,2162,28,0,45.4615,0,0,0
UL,20.6246,2062,4,2,1,2,8,1,0,123,0,0,45.4615,0,0,0
UL,20.6248,2062,4,3,1,2,8,1,0,123,0,0,45.4615,0,0,0
UL,20.6251,2062,5,0,1,2,8,1,0,123,0,0,45.4615,0,0,0
UL,20.6495,2064,9,2,1,1,8,1,0,2162,28,0,45.4615,0,0,0
UL,20.6498,2064,9,3,1,1,8,1,0,2162,28,0,45.4615,0,0,0
UL,20.65,2065,0,0,1,1,8,1,0,2162,28,0,45.4615,0,0,0
UL,20.6743,2067,4,1,1,1,8,1,0,2162,28,0,45.4615,0,0,0
UL,20.6745,2067,4,2,1,1,8,1,0,2162,28,0,45.4615,0,0,0
UL,20.6748,2067,4,3,1,1,8,1,0,2162,28,0,45.4615,0,0,0
UL,20.699,2069,9,0,1,1,8,1,0,2162,28,0,45.4615,0,0,0
UL,20.6993,2069,9,1,1,1,8,1,0,2162,28,0,45.4615,0,0,0
UL,20.6995,2069,9,2,1,1,8,1,0,2162,28,0,45.4615,0,0,0
UL,20.724,2072,4,0,1,1,8,1,0,2162,28,0,45.4615,0,0,0
UL,20.7243,2072,4,1,1,1,8,1,0,2162,28,0,45.4615,0,0,0
UL,20.7245,2072,4,2,1,1,8,1,0,2162,28,0,45.4615,0,0,0
UL,20.749,2074,9,0,1,1,8,1,0,2162,28,0,45.4615,0,0,0
UL,20.7493,2074,9,1,1,1,8,1,0,2162,28,0,45.4615,0,0,0
UL,20.7495,2074,9,2,1,1,8,1,0,2162,28,0,45.4615,0,0,0
UL,20.774,2077,4,0,1,1,8,1,0,2162,28,0,45.4615,0,0,0
UL,20.7743,2077,4,1,1,1,8,1,0,2162,28,0,45.4615,0,0,0
UL,20.7745,2077,4,2,1,1,8,1,0,2162,28,0,45.4615,0,0,0
UL,20.799,2079,9,0,1,1,8,1,0,2162,28,0,45.4615,0,0,0
UL,20.7993,2079,9,1,1,1,8,1,0,2162,28,0,45.4615,0,0,0
UL,20.7995,2079,9,2,1,1,8,1,0,2162,28,0,45.4615,0,0,0
UL,20.824,2082,4,0,1,1,8,1,0,2162,28,0,45.4615,0,0,0
UL,20.8243,2082,4,1,1,1,8,1,0,2162,28,0,45.4615,0,0,0
UL,20.8245,2082,4,2,1,1,8,1,0,2162,28,0,45.4615,0,0,0
UL,20.849,2084,9,0,1,1,8,1,0,2162,28,0,45.4615,0,0,0
UL,20.8493,2084,9,1,1,1,8,1,0,2162,28,0,45.4615,0,0,0
UL,20.8495,2084,9,2,1,1,8,1,0,2162,28,0,45.4615,0,0,0
UL,20.874,2087,4,0,1,1,8,1,0,2162,28,0,45.4615,0,0,0
UL,20.8743,2087,4,1,1,1,8,1,0,2162,28,0,45.4615,0,0,0
UL,20.8745,2087,4,2,1,1,8,1,0,2162,28,0,45.4615,0,0,0
UL,20.899,2089,9,0,1,1,8,1,0,2162,28,0,45.4615,0,0,0
UL,20.8993,2089,9,1,1,1,8,1,0,2162,28,0,45.4615,0,0,0
UL,20.8996,2089,9,2,1,2,8,1,0,4328,28,0,45.4615,0,0,0
UL,20.8998,2089,9,3,2,1,8,1,0,2162,28,0,45.4615,0,0,0
UL,20.92,2092,0,0,1,1,8,1,0,2162,28,0,45.4615,0,0,0
UL,20.9203,2092,0,1,1,1,8,1,0,2162,28,0,45.4615,0,0,0
UL,20.9205,2092,0,2,1,1,8,1,0,2162,28,0,45.4615,0,0,0
UL,20.924,2092,4,0,1,1,8,1,0,2162,28,0,45.4615,0,0,0
UL,20.9243,2092,4,1,1,1,8,1,0,2162,28,0,45.4615,0,0,0
UL,20.9245,2092,4,2,1,1,8,1,0,2162,28,0,45.4615,0,0,0
UL,20.9448,2094,4,3,1,1,8,1,0,2162,28,0,45.4615,0,0,0
UL,20.945,2094,5,0,1,1,8,1,0,2162,28,0,45.4615,0,0,0
UL,20.9453,2094,5,1,1,1,8,1,0,2162,28,0,45.4615,0,0,0
UL,24.1498,2414,9,3,1,2,8,1,0,123,0,0,45.4615,0,0,0
UL,24.1501,2415,0,0,1,2,8,1,0,123,0,0,45.4615,0,0,0
UL,24.1503,2415,0,1,1,2,8,1,0,123,0,0,45.4615,0,0,0
UL,24.1748,2417,4,3,1,1,8,1,0,2162,28,0,45.4615,0,0,0
UL,24.175,2417,5,0,1,1,8,1,0,2162,28,0,45.4615,0,0,0
UL,24.1753,2417,5,1,1,1,8,1,0,2162,28,0,45.4615,0,0,0
UL,24.1995,2419,9,2,1,1,8,1,0,2162,28,0,45.4615,0,0,0
UL,24.3996,2439,9,2,1,2,8,1,0,123,0,0,45.4615,0,0,0
UL,24.3998,2439,9,3,1,2,8,1,0,123,0,0,45.4615,0,0,0
UL,24.4001,2440,0,0,1,2,8,1,0,123,0,0,45.4615,0,0,0
UL,24.4245,2442,4,2,1,1,8,1,0,2162,28,0,45.4615,0,0,0
UL,24.6246,2462,4,2,1,2,8,1,0,123,0,0,45.4615,0,0,0
UL,24.6248,2462,4,3,1,2,8,1,0,123,0,0,45.4615,0,0,0
UL,24.6251,2462,5,0,1,2,8,1,0,123,0,0,45.4615,0,0,0
UL,24.6495,2464,9,2,1,1,8,1,0,2162,28,0,45.4615,0,0,0
UL,24.6498,2464,9,3,1,1,8,1,0,2162,28,0,45.4615,0,0,0
UL,24.65,2465,0,0,1,1,8,1,0,2162,28,0,45.4615,0,0,0
UL,24.6743,2467,4,1,1,1,8,1,0,2162,28,0,45.4615,0,0,0
UL,24.6745,2467,4,2,1,1,8,1,0,2162,28,0,45.4615,0,0,0
UL,24.6748,2467,4,3,1,1,8,1,0,2162,28,0,45.4615,0,0,0
UL,24.699,2469,9,0,1,1,8,1,0,2162,28,0,45.4615,0,0,0
UL,24.6993,2469,9,1,1,1,8,1,0,2162,28,0,45.4615,0,0,0
UL,24.6995,2469,9,2,1,1,8,1,0,2162,28,0,45.4615,0,0,0
UL,24.724,2472,4,0,1,1,8,1,0,2162,28,0,45.4615,0,0,0
UL,24.7243,2472,4,1,1,1,8,1,0,2162,28,0,45.4615,0,0,0
UL,24.7245,2472,4,2,1,1,8,1,0,2162,28,0,45.4615,0,0,0
UL,24.749,2474,9,0,1,1,8,1,0,2162,28,0,45.4615,0,0,0
UL,24.7493,2474,9,1,1,1,8,1,0,2162,28,0,45.4615,0,0,0
UL,24.7495,2474,9,2,1,1,8,1,0,2162,28,0,45.4615,0,0,0
UL,24.774,2477,4,0,1,1,8,1,0,2162,28,0,45.4615,0,0,0
UL,24.7743,2477,4,1,1,1,8,1,0,2162,28,0,45.4615,0,0,0
UL,24.7745,2477,4,2,1,1,8,1,0,2162,28,0,45.4615,0,0,0
UL,24.799,2479,9,0,1,1,8,1,0,2162,28,0,45.4615,0,0,0
UL,24.7993,2479,9,1,1,1,8,1,0,2162,28,0,45.4615,0,0,0
UL,24.7995,2479,9,2,1,1,8,1,0,2162,28,0,45.4615,0,0,0
UL,24.824,2482,4,0,1,1,8,1,0,2162,28,0,45.4615,0,0,0
UL,24.8243,2482,4,1,1,1,8,1,0,2162,28,0,45.4615,0,0,0
UL,24.8245,2482,4,2,1,1,8,1,0,2162,28,0,45.4615,0,0,0
UL,24.849,2484,9,0,1,1,8,1,0,2162,28,0,45.4615,0,0,0
UL,24.8493,2484,9,1,1,1,8,1,0,2162,28,0,45.4615,0,0,0
UL,24.8495,2484,9,2,1,1,8,1,0,2162,28,0,45.4615,0,0,0
UL,24.874,2487,4,0,1,1,8,1,0,2162,28,0,45.4615,0,0,0
UL,24.8743,2487,4,1,1,1,8,1,0,2162,28,0,45.4615,0,0,0
UL,24.8745,2487,4,2,1,1,8,1,0,2162,28,0,45.4615,0,0,0
UL,24.899,2489,9,0,1,1,8,1,0,2162,28,0,45.4615,0,0,0
UL,24.8993,2489,9,1,1,1,8,1,0,2162,28,0,45.4615,0,0,0
UL,24.8996,2489,9,2,1,2,8,1,0,4328,28,0,45.4615,0,0,0
UL,24.8998,2489,9,3,2,1,8,1,0,2162,28,0,45.4615,0,0,0
UL,24.92,2492,0,0,1,1,8,1,0,2162,28,0,45.4615,0,0,0
UL,24.9203,2492,0,1,1,1,8,1,0,2162,28,0,45.4615,0,0,0
UL,24.9205,2492,0,2,1,1,8,1,0,2162,28,0,45.4615,0,0,0
UL,24.924,2492,4,0,1,1,8,1,0,2162,28,0,45.4615,0,0,0
UL,24.9243,2492,4,1,1,1,8,1,0,2162,28,0,45.4615,0,0,0
UL,24.9246,2492,4,2,1,2,8,1,0,4328,28,0,45.4615,0,0,0
UL,24.9248,2492,4,3,1,1,8,1,0,2162,28,0,45.4615,0,0,0
UL,24.945,2494,5,0,1,1,8,1,0,2162,28,0,45.4615,0,0,0
UL,24.9453,2494,5,1,1,1,8,1,0,2162,28,0,45.4615,0,0,0
UL,24.949,2494,9,0,1,1,8,1,0,2162,28,0,45.4615,0,0,0
UL,24.9493,2494,9,1,1,1,8,1,0,2162,28,0,45.4615,0,0,0
UL,24.9495,2494,9,2,1,1,8,1,0,2162,28,0,45.4615,0,0,0
UL,24.9695,2496,9,2,1,1,8,1,0,2162,28,0,45.4615,0,0,0
UL,24.9698,2496,9,3,1,1,8,1,0,2162,28,0,45.4615,0,0,0
UL,28.1498,2814,9,3,1,2,8,1,0,123,0,0,45.4615,0,0,0
UL,28.1501,2815,0,0,1,2,8,1,0,123,0,0,45.4615,0,0,0
UL,28.1503,2815,0,1,1,2,8,1,0,123,0,0,45.4615,0,0,0
UL,28.1748,2817,4,3,1,1,8,1,0,2162,28,0,45.4615,0,0,0
UL,28.175,2817,5,0,1,1,8,1,0,2162,28,0,45.4615,0,0,0
UL,28.1753,2817,5,1,1,1,8,1,0,2162,28,0,45.4615,0,0,0
UL,28.1995,2819,9,2,1,1,8,1,0,2162,28,0,45.4615,0,0,0
UL,28.3996,2839,9,2,1,2,8,1,0,123,0,0,45.4615,0,0,0
UL,28.3998,2839,9,3,1,2,8,1,0,123,0,0,45.4615,0,0,0
UL,28.4001,2840,0,0,1,2,8,1,0,123,0,0,45.4615,0,0,0
UL,28.4245,2842,4,2,1,1,8,1,0,2162,28,0,45.4615,0,0,0
UL,28.6246,2862,4,2,1,2,8,1,0,123,0,0,45.4615,0,0,0
UL,28.6248,2862,4,3,1,2,8,1,0,123,0,0,45.4615,0,0,0
UL,28.6251,2862,5,0,1,2,8,1,0,123,0,0,45.4615,0,0,0
UL,28.6495,2864,9,2,1,1,8,1,0,2162,28,0,45.4615,0,0,0
UL,28.6498,2864,9,3,1,1,8,1,0,2162,28,0,45.4615,0,0,0
UL,28.65,2865,0,0,1,1,8,1,0,2162,28,0,45.4615,0,0,0
UL,28.6743,2867,4,1,1,1,8,1,0,2162,28,0,45.4615,0,0,0
UL,28.6745,2867,4,2,1,1,8,1,0,2162,28,0,45.4615,0,0,0
UL,28.6748,2867,4,3,1,1,8,1,0,2162,28,0,45.4615,0,0,0
UL,28.699,2869,9,0,1,1,8,1,0,2162,28,0,45.4615,0,0,0
UL,28.6993,2869,9,1,1,1,8,1,0,2162,28,0,45.4615,0,0,0
UL,28.6995,2869,9,2,1,1,8,1,0,2162,28,0,45.4615,0,0,0
UL,28.724,2872,4,0,1,1,8,1,0,2162,28,0,45.4615,0,0,0
UL,28.7243,2872,4,1,1,1,8,1,0,2162,28,0,45.4615,0,0,0
UL,28.7245,2872,4,2,1,1,8,1,0,2162,28,0,45.4615,0,0,0
UL,28.749,2874,9,0,1,1,8,1,0,2162,28,0,45.4615,0,0,0
UL,28.7493,2874,9,1,1,1,8,1,0,2162,28,0,45.4615,0,0,0
UL,28.7495,2874,9,2,1,1,8,1,0,2162,28,0,45.4615,0,0,0
UL,28.774,2877,4,0,1,1,8,1,0,2162,28,0,45.4615,0,0,0
UL,28.7743,2877,4,1,1,1,8,1,0,2162,28,0,45.4615,0,0,0
UL,28.7745,2877,4,2,1,1,8,1,0,2162,28,0,45.4615,0,0,0
UL,28.799,2879,9,0,1,1,8,1,0,2162,28,0,45.4615,0,0,0
UL,28.7993,2879,9,1,1,1,8,1,0,2162,28,0,45.4615,0,0,0
UL,28.7995,2879,9,2,1,1,8,1,0,2162,28,0,45.4615,0,0,0
UL,28.824,2882,4,0,1,1,8,1,0,2162,28,0,45.4615,0,0,0
UL,28.8243,2882,4,1,1,1,8,1,0,2162,28,0,45.4615,0,0,0
UL,28.8245,2882,4,2,1,1,8,1,0,2162,28,0,45.4615,0,0,0
UL,28.849,2884,9,0,1,1,8,1,0,2162,28,0,45.4615,0,0,0
UL,28.8493,2884,9,1,1,1,8,1,0,2162,28,0,45.4615,0,0,0
UL,28.8495,2884,9,2,1,1,8,1,0,2162,28,0,45.4615,0,0,0
UL,28.874,2887,4,0,1,1,8,1,0,2162,28,0,45.4615,0,0,0
UL,28.8743,2887,4,1,1,1,8,1,0,2162,28,0,45.4615,0,0,0
UL,28.8745,2887,4,2,1,1,8,1,0,2162,28,0,45.4615,0,0,0
UL,28.899,2889,9,0,1,1,8,1,0,2162,28,0,45.4615,0,0,0
UL,28.8993,2889,9,1,1,1,8,1,0,2162,28,0,45.4615,0,0,0
UL,28.8996,2889,9,2,1,2,8,1,0,4328,28,0,45.4615,0,0,0
UL,28.8998,2889,9,3,2,1,8,1,0,2162,28,0,45.4615,0,0,0
UL,28.92,2892,0,0,1,1,8,1,0,2162,28,0,45.4615,0,0,0
UL,28.9203,2892,0,1,1,1,8,1,0,2162,28,0,45.4615,0,0,0
UL,28.9205,2892,0,2,1,1,8,1,0,2162,28,0,45.4615,0,0,0
UL,28.9238,2892,3,3,1,1,8,1,0,2162,28,0,45.4615,0,0,0
UL,28.924,2892,4,0,1,1,8,1,0,2162,28,0,45.4615,0,0,0
UL,28.9243,2892,4,1,1,1,8,1,0,2162,28,0,45.4615,0,0,0
UL,28.9445,2894,4,2,1,1,8,1,0,2162,28,0,45.4615,0,0,0
UL,28.9448,2894,4,3,1,1,8,1,0,2162,28,0,45.4615,0,0,0
UL,28.945,2894,5,0,1,1,8,1,0,2162,28,0,45.4615,0,0,0
UL,32.1498,3214,9,3,1,2,8,1,0,123,0,0,45.4615,0,0,0
UL,32.1501,3215,0,0,1,2,8,1,0,123,0,0,45.4615,0,0,0
UL,32.1503,3215,0,1,1,2,8,1,0,123,0,0,45.4615,0,0,0
UL,32.1748,3217,4,3,1,1,8,1,0,2162,28,0,45.4615,0,0,0
UL,32.175,3217,5,0,1,1,8,1,0,2162,28,0,45.4615,0,0,0
UL,32.1753,3217,5,1,1,1,8,1,0,2162,28,0,45.4615,0,0,0
UL,32.1995,3219,9,2,1,1,8,1,0,2162,28,0,45.4615,0,0,0
UL,32.3996,3239,9,2,1,2,8,1,0,123,0,0,45.4615,0,0,0
UL,32.3998,3239,9,3,1,2,8,1,0,123,0,0,45.4615,0,0,0
UL,32.4001,3240,0,0,1,2,8,1,0,123,0,0,45.4615,0,0,0
UL,32.4245,3242,4,2,1,1,8,1,0,2162,28,0,45.4615,0,0,0
UL,32.6246,3262,4,2,1,2,8,1,0,123,0,0,45.4615,0,0,0
UL,32.6248,3262,4,3,1,2,8,1,0,123,0,0,45.4615,0,0,0
UL,32.6251,3262,5,0,1,2,8,1,0,123,0,0,45.4615,0,0,0
UL,32.6495,3264,9,2,1,1,8,1,0,2162,28,0,45.4615,0,0,0
UL,32.6498,3264,9,3,1,1,8,1,0,2162,28,0,45.4615,0,0,0
UL,32.65,3265,0,0,1,1,8,1,0,2162,28,0,45.4615,0,0,0
UL,32.6743,3267,4,1,1,1,8,1,0,2162,28,0,45.4615,0,0,0
UL,32.6745,3267,4,2,1,1,8,1,0,2162,28,0,45.4615,0,0,0
UL,32.6748,3267,4,3,1,1,8,1,0,2162,28,0,45.4615,0,0,0
UL,32.699,3269,9,0,1,1,8,1,0,2162,28,0,45.4615,0,0,0
UL,32.6993,3269,9,1,1,1,8,1,0,2162,28,0,45.4615,0,0,0
UL,32.6995,3269,9,2,1,1,8,1,0,2162,28,0,45.4615,0,0,0
UL,32.724,3272,4,0,1,1,8,1,0,2162,28,0,45.4615,0,0,0
UL,32.7243,3272,4,1,1,1,8,1,0,2162,28,0,45.4615,0,0,0
UL,32.7245,3272,4,2,1,1,8,1,0,2162,28,0,45.4615,0,0,0
UL,32.749,3274,9,0,1,1,8,1,0,2162,28,0,45.4615,0,0,0
UL,32.7493,3274,9,1,1,1,8,1,0,2162,28,0,45.4615,0,0,0
UL,32.7495,3274,9,2,1,1,8,1,0,2162,28,0,45.4615,0,0,0
UL,32.774,3277,4,0,1,1,8,1,0,2162,28,0,45.4615,0,0,0
UL,32.7743,3277,4,1,1,1,8,1,0,2162,28,0,45.4615,0,0,0
UL,32.7745,3277,4,2,1,1,8,1,0,2162,28,0,45.4615,0,0,0
UL,32.799,3279,9,0,1,1,8,1,0,2162,28,0,45.4615,0,0,0
UL,32.7993,3279,9,1,1,1,8,1,0,2162,28,0,45.4615,0,0,0
UL,32.7995,3279,9,2,1,1,8,1,0,2162,28,0,45.4615,0,0,0
UL,32.824,3282,4,0,1,1,8,1,0,2162,28,0,45.4615,0,0,0
UL,32.8243,3282,4,1,1,1,8,1,0,2162,28,0,45.4615,0,0,0
UL,32.8245,3282,4,2,1,1,8,1,0,2162,28,0,45.4615,0,0,0
UL,32.849,3284,9,0,1,1,8,1,0,2162,28,0,45.4615,0,0,0
UL,32.8493,3284,9,1,1,1,8,1,0,2162,28,0,45.4615,0,0,0
UL,32.8495,3284,9,2,1,1,8,1,0,2162,28,0,45.4615,0,0,0
UL,32.874,3287,4,0,1,1,8,1,0,2162,28,0,45.4615,0,0,0
UL,32.8743,3287,4,1,1,1,8,1,0,2162,28,0,45.4615,0,0,0
UL,32.8745,3287,4,2,1,1,8,1,0,2162,28,0,45.4615,0,0,0
UL,36.1498,3614,9,3,1,2,8,1,0,123,0,0,45.4615,0,0,0
UL,36.1501,3615,0,0,1,2,8,1,0,123,0,0,45.4615,0,0,0
UL,36.1503,3615,0,1,1,2,8,1,0,123,0,0,45.4615,0,0,0
UL,36.1748,3617,4,3,1,1,8,1,0,2162,28,0,45.4615,0,0,0
UL,36.175,3617,5,0,1,1,8,1,0,2162,28,0,45.4615,0,0,0
UL,36.1753,3617,5,1,1,1,8,1,0,2162,28,0,45.4615,0,0,0
UL,36.1995,3619,9,2,1,1,8,1,0,2162,28,0,45.4615,0,0,0
UL,36.3996,3639,9,2,1,2,8,1,0,123,0,0,45.4615,0,0,0
UL,36.3998,3639,9,3,1,2,8,1,0,123,0,0,45.4615,0,0,0
UL,36.4001,3640,0,0,1,2,8,1,0,123,0,0,45.4615,0,0,0
UL,36.4245,3642,4,2,1,1,8,1,0,2162,28,0,45.4615,0,0,0
UL,36.6246,3662,4,2,1,2,8,1,0,123,0,0,45.4615,0,0,0
UL,36.6248,3662,4,3,1,2,8,1,0,123,0,0,45.4615,0,0,0
UL,36.6251,3662,5,0,1,2,8,1,0,123,0,0,45.4615,0,0,0
UL,36.6495,3664,9,2,1,1,8,1,0,2162,28,0,45.4615,0,0,0
UL,36.6498,3664,9,3,1,1,8,1,0,2162,28,0,45.4615,0,0,0
UL,36.65,3665,0,0,1,1,8,1,0,2162,28,0,45.4615,0,0,0
UL,36.6743,3667,4,1,1,1,8,1,0,2162,28,0,45.4615,0,0,0
UL,36.6745,3667,4,2,1,1,8,1,0,2162,28,0,45.4615,0,0,0
UL,36.6748,3667,4,3,1,1,8,1,0,2162,28,0,45.4615,0,0,0
UL,36.699,3669,9,0,1,1,8,1,0,2162,28,0,45.4615,0,0,0
UL,36.6993,3669,9,1,1,1,8,1,0,2162,28,0,45.4615,0,0,0
UL,36.6995,3669,9,2,1,1,8,1,0,2162,28,0,45.4615,0,0,0
UL,36.724,3672,4,0,1,1,8,1,0,2162,28,0,45.4615,0,0,0
UL,36.7243,3672,4,1,1,1,8,1,0,2162,28,0,45.4615,0,0,0
UL,36.7245,3672,4,2,1,1,8,1,0,2162,28,0,45.4615,0,0,0
UL,36.749,3674,9,0,1,1,8,1,0,2162,28,0,45.4615,0,0,0
UL,36.7493,3674,9,1,1,1,8,1,0,2162,28,0,45.4615,0,0,0
UL,36.7495,3674,9,2,1,1,8,1,0,2162,28,0,45.4615,0,0,0
UL,36.774,3677,4,0,1,1,8,1,0,2162,28,0,45.4615,0,0,0
UL,36.7743,3677,4,1,1,1,8,1,0,2162,28,0,45.4615,0,0,0
UL,36.7745,3677,4,2,1,1,8,1,0,2162,28,0,45.4615,0,0,0
UL,36.799,3679,9,0,1,1,8,1,0,2162,28,0,45.4615,0,0,0
UL,36.7993,3679,9,1,1,1,8,1,0,2162,28,0,45.4615,0,0,0
UL,36.7995,3679,9,2,1,1,8,1,0,2162,28,0,45.4615,0,0,0
UL,36.824,3682,4,0,1,1,8,1,0,2162,28,0,45.4615,0,0,0
UL,36.8243,3682,4,1,1,1,8,1,0,2162,28,0,45.4615,0,0,0
UL,36.8245,3682,4,2,1,1,8,1,0,2162,28,0,45.4615,0,0,0
UL,36.849,3684,9,0,1,1,8,1,0,2162,28,0,45.4615,0,0,0
UL,36.8493,3684,9,1,1,1,8,1,0,2162,28,0,45.4615,0,0,0
UL,36.8495,3684,9,2,1,1,8,1,0,2162,28,0,45.4615,0,0,0
UL,36.874,3687,4,0,1,1,8,1,0,2162,28,0,45.4615,0,0,0
UL,36.8743,3687,4,1,1,1,8,1,0,2162,28,0,45.4615,0,0,0
UL,36.8745,3687,4,2,1,1,8,1,0,2162,28,0,45.4615,0,0,0
UL,40.1498,4014,9,3,1,2,8,1,0,123,0,0,45.4615,0,0,0
UL,40.1501,4015,0,0,1,2,8,1,0,123,0,0,45.4615,0,0,0
UL,40.1503,4015,0,1,1,2,8,1,0,123,0,0,45.4615,0,0,0
UL,40.1748,4017,4,3,1,1,8,1,0,2162,28,0,45.4615,0,0,0
UL,40.175,4017,5,0,1,1,8,1,0,2162,28,0,45.4615,0,0,0
UL,40.1753,4017,5,1,1,1,8,1,0,2162,28,0,45.4615,0,0,0
UL,40.1995,4019,9,2,1,1,8,1,0,2162,28,0,45.4615,0,0,0
UL,40.3996,4039,9,2,1,2,8,1,0,123,0,0,45.4615,0,0,0
UL,40.3998,4039,9,3,1,2,8,1,0,123,0,0,45.4615,0,0,0
UL,40.4001,4040,0,0,1,2,8,1,0,123,0,0,45.4615,0,0,0
UL,40.4245,4042,4,2,1,1,8,1,0,2162,28,0,45.4615,0,0,0
UL,40.6246,4062,4,2,1,2,8,1,0,123,0,0,45.4615,0,0,0
UL,40.6248,4062,4,3,1,2,8,1,0,123,0,0,45.4615,0,0,0
UL,40.6251,4062,5,0,1,2,8,1,0,123,0,0,45.4615,0,0,0
UL,40.6495,4064,9,2,1,1,8,1,0,2162,28,0,45.4615,0,0,0
UL,40.6498,4064,9,3,1,1,8,1,0,2162,28,0,45.4615,0,0,0
UL,40.65,4065,0,0,1,1,8,1,0,2162,28,0,45.4615,0,0,0
UL,40.6743,4067,4,1,1,1,8,1,0,2162,28,0,45.4615,0,0,0
UL,40.6745,4067,4,2,1,1,8,1,0,2162,28,0,45.4615,0,0,0
UL,40.6748,4067,4,3,1,1,8,1,0,2162,28,0,45.4615,0,0,0
UL,40.699,4069,9,0,1,1,8,1,0,2162,28,0,45.4615,0,0,0
UL,40.6993,4069,9,1,1,1,8,1,0,2162,28,0,45.4615,0,0,0
UL,40.6995,4069,9,2,1,1,8,1,0,2162,28,0,45.4615,0,0,0
UL,40.724,4072,4,0,1,1,8,1,0,2162,28,0,45.4615,0,0,0
UL,40.7243,4072,4,1,1,1,8,1,0,2162,28,0,45.4615,0,0,0
UL,40.7245,4072,4,2,1,1,8,1,0,2162,28,0,45.4615,0,0,0
UL,40.749,4074,9,0,1,1,8,1,0,2162,28,0,45.4615,0,0,0
UL,40.7493,4074,9,1,1,1,8,1,0,2162,28,0,45.4615,0,0,0
UL,40.7495,4074,9,2,1,1,8,1,0,2162,28,0,45.4615,0,0,0
UL,40.774,4077,4,0,1,1,8,1,0,2162,28,0,45.4615,0,0,0
UL,40.7743,4077,4,1,1,1,8,1,0,2162,28,0,45.4615,0,0,0
UL,40.7745,4077,4,2,1,1,8,1,0,2162,28,0,45.4615,0,0,0
UL,40.799,4079,9,0,1,1,8,1,0,2162,28,0,45.4615,0,0,0
UL,40.7993,4079,9,1,1,1,8,1,0,2162,28,0,45.4615,0,0,0
UL,40.7995,4079,9,2,1,1,8,1,0,2162,28,0,45.4615,0,0,0
UL,40.824,4082,4,0,1,1,8,1,0,2162,28,0,45.4615,0,0,0
UL,40.8243,4082,4,1,1,1,8,1,0,2162,28,0,45.4615,0,0,0
UL,40.8245,4082,4,2,1,1,8,1,0,2162,28,0,45.4615,0,0,0
UL,40.849,4084,9,0,1,1,8,1,0,2162,28,0,45.4615,0,0,0
UL,40.8493,4084,9,1,1,1,8,1,0,2162,28,0,45.4615,0,0,0
UL,40.8495,4084,9,2,1,1,8,1,0,2162,28,0,45.4615,0,0,0
UL,40.874,4087,4,0,1,1,8,1,0,2162,28,0,45.4615,0,0,0
UL,40.8743,4087,4,1,1,1,8,1,0,2162,28,0,45.4615,0,0,0
UL,40.8745,4087,4,2,1,1,8,1,0,2162,28,0,45.4615,0,0,0
UL,40.899,4089,9,0,1,1,8,1,0,2162,28,0,45.4615,0,0,0
UL,40.8993,4089,9,1,1,1,8,1,0,2162,28,0,45.4615,0,0,0
UL,40.8996,4089,9,2,1,2,8,1,0,4328,28,0,45.4615,0,0,0
UL,40.8998,4089,9,3,2,1,8,1,0,2162,28,0,45.4615,0,0,0
UL,40.92,4092,0,0,1,1,8,1,0,2162,28,0,45.4615,0,0,0
UL,40.9203,4092,0,1,1,1,8,1,0,2162,28,0,45.4615,0,0,0
UL,40.9205,4092,0,2,1,1,8,1,0,2162,28,0,45.4615,0,0,0
UL,40.924,4092,4,0,1,1,8,1,0,2162,28,0,45.4615,0,0,0
UL,40.9243,4092,4,1,1,1,8,1,0,2162,28,0,45.4615,0,0,0
UL,40.9246,4092,4,2,1,2,8,1,0,4328,28,0,45.4615,0,0,0
UL,40.9248,4092,4,3,1,1,8,1,0,2162,28,0,45.4615,0,0,0
UL,40.9451,4094,5,0,1,2,8,1,0,4328,28,0,45.4615,0,0,0
UL,40.9453,4094,5,1,1,2,8,1,0,4328,28,0,45.4615,0,0,0
UL,40.9456,4094,5,2,1,2,8,1,0,4328,28,0,45.4615,0,0,0
UL,40.9458,4094,5,3,1,1,8,1,0,2162,28,0,45.4615,0,0,0
UL,44.1498,4414,9,3,1,2,8,1,0,123,0,0,45.4615,0,0,0
UL,44.1501,4415,0,0,1,2,8,1,0,123,0,0,45.4615,0,0,0
UL,44.1503,4415,0,1,1,2,8,1,0,123,0,0,45.4615,0,0,0
UL,44.1748,4417,4,3,1,1,8,1,0,2162,28,0,45.4615,0,0,0
UL,44.175,4417,5,0,1,1,8,1,0,2162,28,0,45.4615,0,0,0
UL,44.1753,4417,5,1,1,1,8,1,0,2162,28,0,45.4615,0,0,0
UL,44.1995,4419,9,2,1,1,8,1,0,2162,28,0,45.4615,0,0,0
UL,44.3996,4439,9,2,1,2,8,1,0,123,0,0,45.4615,0,0,0
UL,44.3998,4439,9,3,1,2,8,1,0,123,0,0,45.4615,0,0,0
UL,44.4001,4440,0,0,1,2,8,1,0,123,0,0,45.4615,0,0,0
UL,44.4245,4442,4,2,1,1,8,1,0,2162,28,0,45.4615,0,0,0
UL,44.6246,4462,4,2,1,2,8,1,0,123,0,0,45.4615,0,0,0
UL,44.6248,4462,4,3,1,2,8,1,0,123,0,0,45.4615,0,0,0
UL,44.6251,4462,5,0,1,2,8,1,0,123,0,0,45.4615,0,0,0
UL,44.6495,4464,9,2,1,1,8,1,0,2162,28,0,45.4615,0,0,0
UL,44.6498,4464,9,3,1,1,8,1,0,2162,28,0,45.4615,0,0,0
UL,44.65,4465,0,0,1,1,8,1,0,2162,28,0,45.4615,0,0,0
UL,44.6743,4467,4,1,1,1,8,1,0,2162,28,0,45.4615,0,0,0
UL,44.6745,4467,4,2,1,1,8,1,0,2162,28,0,45.4615,0,0,0
UL,44.6748,4467,4,3,1,1,8,1,0,2162,28,0,45.4615,0,0,0
UL,44.699,4469,9,0,1,1,8,1,0,2162,28,0,45.4615,0,0,0
UL,44.6993,4469,9,1,1,1,8,1,0,2162,28,0,45.4615,0,0,0
UL,44.6995,4469,9,2,1,1,8,1,0,2162,28,0,45.4615,0,0,0
UL,44.724,4472,4,0,1,1,8,1,0,2162,28,0,45.4615,0,0,0
UL,44.7243,4472,4,1,1,1,8,1,0,2162,28,0,45.4615,0,0,0
UL,44.7245,4472,4,2,1,1,8,1,0,2162,28,0,45.4615,0,0,0
UL,44.749,4474,9,0,1,1,8,1,0,2162,28,0,45.4615,0,0,0
UL,44.7493,4474,9,1,1,1,8,1,0,2162,28,0,45.4615,0,0,0
UL,44.7495,4474,9,2,1,1,8,1,0,2162,28,0,45.4615,0,0,0
UL,44.774,4477,4,0,1,1,8,1,0,2162,28,0,45.4615,0,0,0
UL,44.7743,4477,4,1,1,1,8,1,0,2162,28,0,45.4615,0,0,0
UL,44.7745,4477,4,2,1,1,8,1,0,2162,28,0,45.4615,0,0,0
UL,44.799,4479,9,0,1,1,8,1,0,2162,28,0,45.4615,0,0,0
UL,44.7993,4479,9,1,1,1,8,1,0,2162,28,0,45.4615,0,0,0
UL,44.7995,4479,9,2,1,1,8,1,0,2162,28,0,45.4615,0,0,0
UL,44.824,4482,4,0,1,1,8,1,0,2162,28,0,45.4615,0,0,0
UL,44.8243,4482,4,1,1,1,8,1,0,2162,28,0,45.4615,0,0,0
UL,44.8245,4482,4,2,1,1,8,1,0,2162,28,0,45.4615,0,0,0
UL,44.849,4484,9,0,1,1,8,1,0,2162,28,0,45.4615,0,0,0
UL,44.8493,4484,9,1,1,1,8,1,0,2162,28,0,45.4615,0,0,0
UL,44.8495,4484,9,2,1,1,8,1,0,2162,28,0,45.4615,0,0,0
UL,44.874,4487,4,0,1,1,8,1,0,2162,28,0,45.4615,0,0,0
UL,44.8743,4487,4,1,1,1,8,1,0,2162,28,0,45.4615,0,0,0
UL,44.8745,4487,4,2,1,1,8,1,0,2162,28,0,45.4615,0,0,0
UL,44.899,4489,9,0,1,1,8,1,0,2162,28,0,45.4615,0,0,0
UL,44.8993,4489,9,1,1,1,8,1,0,2162,28,0,45.4615,0,0,0
UL,44.8996,4489,9,2,1,2,8,1,0,4328,28,0,45.4615,0,0,0
UL,44.8998,4489,9,3,2,1,8,1,0,2162,28,0,45.4615,0,0,0
UL,44.92,4492,0,0,1,1,8,1,0,2162,28,0,45.4615,0,0,0
UL,44.9203,4492,0,1,1,1,8,1,0,2162,28,0,45.4615,0,0,0
UL,44.9205,4492,0,2,1,1,8,1,0,2162,28,0,45.4615,0,0,0
UL,44.924,4492,4,0,1,1,8,1,0,2162,28,0,45.4615,0,0,0
UL,44.9243,4492,4,1,1,1,8,1,0,2162,28,0,45.4615,0,0,0
UL,44.9245,4492,4,2,1,1,8,1,0,2162,28,0,45.4615,0,0,0
UL,44.9448,4494,4,3,1,1,8,1,0,2162,28,0,45.4615,0,0,0
UL,44.945,4494,5,0,1,1,8,1,0,2162,28,0,45.4615,0,0,0
UL,44.9453,4494,5,1,1,1,8,1,0,2162,28,0,45.4615,0,0,0
UL,48.1498,4814,9,3,1,2,8,1,0,123,0,0,45.4615,0,0,0
UL,48.1501,4815,0,0,1,2,8,1,0,123,0,0,45.4615,0,0,0
UL,48.1503,4815,0,1,1,2,8,1,0,123,0,0,45.4615,0,0,0
UL,48.1748,4817,4,3,1,1,8,1,0,2162,28,0,45.4615,0,0,0
UL,48.175,4817,5,0,1,1,8,1,0,2162,28,0,45.4615,0,0,0
UL,48.1753,4817,5,1,1,1,8,1,0,2162,28,0,45.4615,0,0,0
UL,48.1995,4819,9,2,1,1,8,1,0,2162,28,0,45.4615,0,0,0
UL,48.3996,4839,9,2,1,2,8,1,0,123,0,0,45.4615,0,0,0
UL,48.3998,4839,9,3,1,2,8,1,0,123,0,0,45.4615,0,0,0
UL,48.4001,4840,0,0,1,2,8,1,0,123,0,0,45.4615,0,0,0
UL,48.4245,4842,4,2,1,1,8,1,0,2162,28,0,45.4615,0,0,0
UL,48.6246,4862,4,2,1,2,8,1,0,123,0,0,45.4615,0,0,0
UL,48.6248,4862,4,3,1,2,8,1,0,123,0,0,45.4615,0,0,0
UL,48.6251,4862,5,0,1,2,8,1,0,123,0,0,45.4615,0,0,0
UL,48.6495,4864,9,2,1,1,8,1,0,2162,28,0,45.4615,0,0,0
UL,48.6498,4864,9,3,1,1,8,1,0,2162,28,0,45.4615,0,0,0
UL,48.65,4865,0,0,1,1,8,1,0,2162,28,0,45.4615,0,0,0
UL,48.6743,4867,4,1,1,1,8,1,0,2162,28,0,45.4615,0,0,0
UL,48.6745,4867,4,2,1,1,8,1,0,2162,28,0,45.4615,0,0,0
UL,48.6748,4867,4,3,1,1,8,1,0,2162,28,0,45.4615,0,0,0
UL,48.699,4869,9,0,1,1,8,1,0,2162,28,0,45.4615,0,0,0
UL,48.6993,4869,9,1,1,1,8,1,0,2162,28,0,45.4615,0,0,0
UL,48.6995,4869,9,2,1,1,8,1,0,2162,28,0,45.4615,0,0,0
UL,48.724,4872,4,0,1,1,8,1,0,2162,28,0,45.4615,0,0,0
UL,48.7243,4872,4,1,1,1,8,1,0,2162,28,0,45.4615,0,0,0
UL,48.7245,4872,4,2,1,1,8,1,0,2162,28,0,45.4615,0,0,0
UL,48.749,4874,9,0,1,1,8,1,0,2162,28,0,45.4615,0,0,0
UL,48.7493,4874,9,1,1,1,8,1,0,2162,28,0,45.4615,0,0,0
UL,48.7495,4874,9,2,1,1,8,1,0,2162,28,0,45.4615,0,0,0
UL,48.774,4877,4,0,1,1,8,1,0,2162,28,0,45.4615,0,0,0
UL,48.7743,4877,4,1,1,1,8,1,0,2162,28,0,45.4615,0,0,0
UL,48.7745,4877,4,2,1,1,8,1,0,2162,28,0,45.4615,0,0,0
UL,48.799,4879,9,0,1,1,8,1,0,2162,28,0,45.4615,0,0,0
UL,48.7993,4879,9,1,1,1,8,1,0,2162,28,0,45.4615,0,0,0
UL,48.7995,4879,9,2,1,1,8,1,0,2162,28,0,45.4615,0,0,0
UL,48.824,4882,4,0,1,1,8,1,0,2162,28,0,45.4615,0,0,0
UL,48.8243,4882,4,1,1,1,8,1,0,2162,28,0,45.4615,0,0,0
UL,48.8245,4882,4,2,1,1,8,1,0,2162,28,0,45.4615,0,0,0
UL,48.849,4884,9,0,1,1,8,1,0,2162,28,0,45.4615,0,0,0
UL,48.8493,4884,9,1,1,1,8,1,0,2162,28,0,45.4615,0,0,0
UL,48.8495,4884,9,2,1,1,8,1,0,2162,28,0,45.4615,0,0,0
UL,48.874,4887,4,0,1,1,8,1,0,2162,28,0,45.4615,0,0,0
UL,48.8743,4887,4,1,1,1,8,1,0,2162,28,0,45.4615,0,0,0
UL,48.8745,4887,4,2,1,1,8,1,0,2162,28,0,45.4615,0,0,0
UL,48.899,4889,9,0,1,1,8,1,0,2162,28,0,45.4615,0,0,0
UL,48.8993,4889,9,1,1,1,8,1,0,2162,28,0,45.4615,0,0,0
UL,48.8996,4889,9,2,1,2,8,1,0,4328,28,0,45.4615,0,0,0
UL,48.8998,4889,9,3,2,1,8,1,0,2162,28,0,45.4615,0,0,0
UL,48.92,4892,0,0,1,1,8,1,0,2162,28,0,45.4615,0,0,0
UL,48.9203,4892,0,1,1,1,8,1,0,2162,28,0,45.4615,0,0,0
UL,48.9205,4892,0,2,1,1,8,1,0,2162,28,0,45.4615,0,0,0
UL,48.924,4892,4,0,1,1,8,1,0,2162,28,0,45.4615,0,0,0
UL,48.9243,4892,4,1,1,1,8,1,0,2162,28,0,45.4615,0,0,0
UL,48.9246,4892,4,2,1,2,8,1,0,4328,28,0,45.4615,0,0,0
UL,48.9248,4892,4,3,1,1,8,1,0,2162,28,0,45.4615,0,0,0
UL,48.945,4894,5,0,1,1,8,1,0,2162,28,0,45.4615,0,0,0
UL,48.9453,4894,5,1,1,1,8,1,0,2162,28,0,45.4615,0,0,0
UL,48.949,4894,9,0,1,1,8,1,0,2162,28,0,45.4615,0,0,0
UL,48.9493,4894,9,1,1,1,8,1,0,2162,28,0,45.4615,0,0,0
UL,48.9495,4894,9,2,1,1,8,1,0,2162,28,0,45.4615,0,0,0
UL,48.969,4896,9,0,1,1,8,1,0,2162,28,0,45.4615,0,0,0
UL,52.1498,5214,9,3,1,2,8,1,0,123,0,0,45.4615,0,0,0
UL,52.1501,5215,0,0,1,2,8,1,0,123,0,0,45.4615,0,0,0
UL,52.1503,5215,0,1,1,2,8,1,0,123,0,0,45.4615,0,0,0
UL,52.1748,5217,4,3,1,1,8,1,0,2162,28,0,45.4615,0,0,0
UL,52.175,5217,5,0,1,1,8,1,0,2162,28,0,45.4615,0,0,0
UL,52.1753,5217,5,1,1,1,8,1,0,2162,28,0,45.4615,0,0,0
UL,52.1995,5219,9,2,1,1,8,1,0,2162,28,0,45.4615,0,0,0
UL,52.3996,5239,9,2,1,2,8,1,0,123,0,0,45.4615,0,0,0
UL,52.3998,5239,9,3,1,2,8,1,0,123,0,0,45.4615,0,0,0
UL,52.4001,5240,0,0,1,2,8,1,0,123,0,0,45.4615,0,0,0
UL,52.4245,5242,4,2,1,1,8,1,0,2162,28,0,45.4615,0,0,0
UL,52.6246,5262,4,2,1,2,8,1,0,123,0,0,45.4615,0,0,0
UL,52.6248,5262,4,3,1,2,8,1,0,123,0,0,45.4615,0,0,0
UL,52.6251,5262,5,0,1,2,8,1,0,123,0,0,45.4615,0,0,0
UL,52.6495,5264,9,2,1,1,8,1,0,2162,28,0,45.4615,0,0,0
UL,52.6498,5264,9,3,1,1,8,1,0,2162,28,0,45.4615,0,0,0
UL,52.65,5265,0,0,1,1,8,1,0,2162,28,0,45.4615,0,0,0
UL,52.6743,5267,4,1,1,1,8,1,0,2162,28,0,45.4615,0,0,0
UL,52.6745,5267,4,2,1,1,8,1,0,2162,28,0,45.4615,0,0,0
UL,52.6748,5267,4,3,1,1,8,1,0,2162,28,0,45.4615,0,0,0
UL,52.699,5269,9,0,1,1,8,1,0,2162,28,0,45.4615,0,0,0
UL,52.6993,5269,9,1,1,1,8,1,0,2162,28,0,45.4615,0,0,0
UL,52.6995,5269,9,2,1,1,8,1,0,2162,28,0,45.4615,0,0,0
UL,52.724,5272,4,0,1,1,8,1,0,2162,28,0,45.4615,0,0,0
UL,52.7243,5272,4,1,1,1,8,1,0,2162,28,0,45.4615,0,0,0
UL,52.7245,5272,4,2,1,1,8,1,0,2162,28,0,45.4615,0,0,0
UL,52.749,5274,9,0,1,1,8,1,0,2162,28,0,45.4615,0,0,0
UL,52.7493,5274,9,1,1,1,8,1,0,2162,28,0,45.4615,0,0,0
UL,52.7495,5274,9,2,1,1,8,1,0,2162,28,0,45.4615,0,0,0
UL,52.774,5277,4,0,1,1,8,1,0,2162,28,0,45.4615,0,0,0
UL,52.7743,5277,4,1,1,1,8,1,0,2162,28,0,45.4615,0,0,0
UL,52.7745,5277,4,2,1,1,8,1,0,2162,28,0,45.4615,0,0,0
UL,52.799,5279,9,0,1,1,8,1,0,2162,28,0,45.4615,0,0,0
UL,52.7993,5279,9,1,1,1,8,1,0,2162,28,0,45.4615,0,0,0
UL,52.7995,5279,9,2,1,1,8,1,0,2162,28,0,45.4615,0,0,0
UL,52.824,5282,4,0,1,1,8,1,0,2162,28,0,45.4615,0,0,0
UL,52.8243,5282,4,1,1,1,8,1,0,2162,28,0,45.4615,0,0,0
UL,52.8245,5282,4,2,1,1,8,1,0,2162,28,0,45.4615,0,0,0
UL,52.849,5284,9,0,1,1,8,1,0,2162,28,0,45.4615,0,0,0
UL,52.8493,5284,9,1,1,1,8,1,0,2162,28,0,45.4615,0,0,0
UL,52.8495,5284,9,2,1,1,8,1,0,2162,28,0,45.4615,0,0,0
UL,52.874,5287,4,0,1,1,8,1,0,2162,28,0,45.4615,0,0,0
UL,52.8743,5287,4,1,1,1,8,1,0,2162,28,0,45.4615,0,0,0
UL,52.8745,5287,4,2,1,1,8,1,0,2162,28,0,45.4615,0,0,0
UL,52.899,5289,9,0,1,1,8,1,0,2162,28,0,45.4615,0,0,0
UL,52.8993,5289,9,1,1,1,8,1,0,2162,28,0,45.4615,0,0,0
UL,52.8996,5289,9,2,1,2,8,1,0,4328,28,0,45.4615,0,0,0
UL,52.8998,5289,9,3,2,1,8,1,0,2162,28,0,45.4615,0,0,0
UL,52.92,5292,0,0,1,1,8,1,0,2162,28,0,45.4615,0,0,0
UL,52.9203,5292,0,1,1,1,8,1,0,2162,28,0,45.4615,0,0,0
UL,52.9205,5292,0,2,1,1,8,1,0,2162,28,0,45.4615,0,0,0
UL,52.924,5292,4,0,1,1,8,1,0,2162,28,0,45.4615,0,0,0
UL,52.9243,5292,4,1,1,1,8,1,0,2162,28,0,45.4615,0,0,0
UL,52.9246,5292,4,2,1,2,8,1,0,4328,28,0,45.4615,0,0,0
UL,52.9248,5292,4,3,1,1,8,1,0,2162,28,0,45.4615,0,0,0
UL,52.945,5294,5,0,1,1,8,1,0,2162,28,0,45.4615,0,0,0
UL,52.9453,5294,5,1,1,1,8,1,0,2162,28,0,45.4615,0,0,0
UL,52.9491,5294,9,0,3,1,8,1,0,2162,28,0,45.4615,0,0,0
UL,52.9493,5294,9,1,1,1,8,1,0,2162,28,0,45.4615,0,0,0
UL,52.9496,5294,9,2,1,2,8,1,0,4328,28,0,45.4615,0,0,0
UL,52.9498,5294,9,3,1,1,8,1,0,2162,28,0,45.4615,0,0,0
UL,52.9501,5295,0,0,2,1,8,1,0,2162,28,0,45.4615,0,0,0
UL,52.9558,5295,5,3,1,1,8,1,0,2162,28,0,45.4615,0,0,0
UL,52.956,5295,6,0,1,1,8,1,0,2162,28,0,45.4615,0,0,0
UL,52.9563,5295,6,1,1,1,8,1,0,2162,28,0,45.4615,0,0,0
UL,52.9703,5297,0,1,1,1,8,1,0,2162,28,0,45.4615,0,0,0
UL,52.9705,5297,0,2,1,1,8,1,0,2162,28,0,45.4615,0,0,0
UL,52.9708,5297,0,3,1,1,8,1,0,2162,28,0,45.4615,0,0,0
UL,52.9743,5297,4,1,1,1,8,1,0,2162,28,0,45.4615,0,0,0
UL,52.9746,5297,4,2,1,2,8,1,0,4328,28,0,45.4615,0,0,0
UL,52.9748,5297,4,3,1,2,8,1,0,4328,28,0,45.4615,0,0,0
UL,52.975,5297,5,0,1,1,8,1,0,2162,28,0,45.4615,0,0,0
UL,52.9953,5299,5,1,1,1,8,1,0,2162,28,0,45.4615,0,0,0
UL,52.9955,5299,5,2,1,1,8,1,0,2162,28,0,45.4615,0,0,0
UL,56.1498,5614,9,3,1,2,8,1,0,123,0,0,45.4615,0,0,0
UL,56.1501,5615,0,0,1,2,8,1,0,123,0,0,45.4615,0,0,0
UL,56.1503,5615,0,1,1,2,8,1,0,123,0,0,45.4615,0,0,0
UL,56.1748,5617,4,3,1,1,8,1,0,2162,28,0,45.4615,0,0,0
UL,56.175,5617,5,0,1,1,8,1,0,2162,28,0,45.4615,0,0,0
UL,56.1753,5617,5,1,1,1,8,1,0,2162,28,0,45.4615,0,0,0
UL,56.1995,5619,9,2,1,1,8,1,0,2162,28,0,45.4615,0,0,0
UL,56.3996,5639,9,2,1,2,8,1,0,123,0,0,45.4615,0,0,0
UL,56.3998,5639,9,3,1,2,8,1,0,123,0,0,45.4615,0,0,0
UL,56.4001,5640,0,0,1,2,8,1,0,123,0,0,45.4615,0,0,0
UL,56.4245,5642,4,2,1,1,8,1,0,2162,28,0,45.4615,0,0,0
UL,56.6246,5662,4,2,1,2,8,1,0,123,0,0,45.4615,0,0,0
UL,56.6248,5662,4,3,1,2,8,1,0,123,0,0,45.4615,0,0,0
UL,56.6251,5662,5,0,1,2,8,1,0,123,0,0,45.4615,0,0,0
UL,56.6495,5664,9,2,1,1,8,1,0,2162,28,0,45.4615,0,0,0
UL,56.6498,5664,9,3,1,1,8,1,0,2162,28,0,45.4615,0,0,0
UL,56.65,5665,0,0,1,1,8,1,0,2162,28,0,45.4615,0,0,0
UL,56.6743,5667,4,1,1,1,8,1,0,2162,28,0,45.4615,0,0,0
UL,56.6745,5667,4,2,1,1,8,1,0,2162,28,0,45.4615,0,0,0
UL,56.6748,5667,4,3,1,1,8,1,0,2162,28,0,45.4615,0,0,0
UL,56.699,5669,9,0,1,1,8,1,0,2162,28,0,45.4615,0,0,0
UL,56.6993,5669,9,1,1,1,8,1,0,2162,28,0,45.4615,0,0,0
UL,56.6995,5669,9,2,1,1,8,1,0,2162,28,0,45.4615,0,0,0
UL,56.724,5672,4,0,1,1,8,1,0,2162,28,0,45.4615,0,0,0
UL,56.7243,5672,4,1,1,1,8,1,0,2162,28,0,45.4615,0,0,0
UL,56.7245,5672,4,2,1,1,8,1,0,2162,28,0,45.4615,0,0,0
UL,56.749,5674,9,0,1,1,8,1,0,2162,28,0,45.4615,0,0,0
UL,56.7493,5674,9,1,1,1,8,1,0,2162,28,0,45.4615,0,0,0
UL,56.7495,5674,9,2,1,1,8,1,0,2162,28,0,45.4615,0,0,0
UL,56.774,5677,4,0,1,1,8,1,0,2162,28,0,45.4615,0,0,0
UL,56.7743,5677,4,1,1,1,8,1,0,2162,28,0,45.4615,0,0,0
UL,56.7745,5677,4,2,1,1,8,1,0,2162,28,0,45.4615,0,0,0
UL,56.799,5679,9,0,1,1,8,1,0,2162,28,0,45.4615,0,0,0
UL,56.7993,5679,9,1,1,1,8,1,0,2162,28,0,45.4615,0,0,0
UL,56.7995,5679,9,2,1,1,8,1,0,2162,28,0,45.4615,0,0,0
UL,56.824,5682,4,0,1,1,8,1,0,2162,28,0,45.4615,0,0,0
UL,56.8243,5682,4,1,1,1,8,1,0,2162,28,0,45.4615,0,0,0
UL,56.8245,5682,4,2,1,1,8,1,0,2162,28,0,45.4615,0,0,0
UL,56.849,5684,9,0,1,1,8,1,0,2162,28,0,45.4615,0,0,0
UL,56.8493,5684,9,1,1,1,8,1,0,2162,28,0,45.4615,0,0,0
UL,56.8495,5684,9,2,1,1,8,1,0,2162,28,0,45.4615,0,0,0
UL,56.874,5687,4,0,1,1,8,1,0,2162,28,0,45.4615,0,0,0
UL,56.8743,5687,4,1,1,1,8,1,0,2162,28,0,45.4615,0,0,0
UL,56.8745,5687,4,2,1,1,8,1,0,2162,28,0,45.4615,0,0,0
UL,56.899,5689,9,0,1,1,8,1,0,2162,28,0,45.4615,0,0,0
UL,56.8993,5689,9,1,1,1,8,1,0,2162,28,0,45.4615,0,0,0
UL,56.8996,5689,9,2,1,2,8,1,0,4328,28,0,45.4615,0,0,0
UL,56.8998,5689,9,3,2,1,8,1,0,2162,28,0,45.4615,0,0,0
UL,56.92,5692,0,0,1,1,8,1,0,2162,28,0,45.4615,0,0,0
UL,56.9203,5692,0,1,1,1,8,1,0,2162,28,0,45.4615,0,0,0
UL,56.9205,5692,0,2,1,1,8,1,0,2162,28,0,45.4615,0,0,0
UL,56.924,5692,4,0,1,1,8,1,0,2162,28,0,45.4615,0,0,0
UL,56.9243,5692,4,1,1,1,8,1,0,2162,28,0,45.4615,0,0,0
UL,56.9246,5692,4,2,1,2,8,1,0,4328,28,0,45.4615,0,0,0
UL,56.9248,5692,4,3,1,1,8,1,0,2162,28,0,45.4615,0,0,0
UL,56.9451,5694,5,0,1,2,8,1,0,4328,28,0,45.4615,0,0,0
UL,56.9453,5694,5,1,1,2,8,1,0,4328,28,0,45.4615,0,0,0
UL,56.9456,5694,5,2,1,2,8,1,0,4328,28,0,45.4615,0,0,0
UL,56.9458,5694,5,3,1,1,8,1,0,2162,28,0,45.4615,0,0,0
UL,60.1498,6014,9,3,1,2,8,1,0,123,0,0,45.4615,0,0,0
UL,60.1501,6015,0,0,1,2,8,1,0,123,0,0,45.4615,0,0,0
UL,60.1503,6015,0,1,1,2,8,1,0,123,0,0,45.4615,0,0,0
UL,60.1748,6017,4,3,1,1,8,1,0,2162,28,0,45.4615,0,0,0
UL,60.175,6017,5,0,1,1,8,1,0,2162,28,0,45.4615,0,0,0
UL,60.1753,6017,5,1,1,1,8,1,0,2162,28,0,45.4615,0,0,0
UL,60.1995,6019,9,2,1,1,8,1,0,2162,28,0,45.4615,0,0,0
UL,60.3996,6039,9,2,1,2,8,1,0,123,0,0,45.4615,0,0,0
UL,60.3998,6039,9,3,1,2,8,1,0,123,0,0,45.4615,0,0,0
UL,60.4001,6040,0,0,1,2,8,1,0,123,0,0,45.4615,0,0,0
UL,60.4245,6042,4,2,1,1,8,1,0,2162,28,0,45.4615,0,0,0
UL,60.6246,6062,4,2,1,2,8,1,0,123,0,0,45.4615,0,0,0
UL,60.6248,6062,4,3,1,2,8,1,0,123,0,0,45.4615,0,0,0
UL,60.6251,6062,5,0,1,2,8,1,0,123,0,0,45.4615,0,0,0
UL,60.6495,6064,9,2,1,1,8,1,0,2162,28,0,45.4615,0,0,0
UL,60.6498,6064,9,3,1,1,8,1,0,2162,28,0,45.4615,0,0,0
UL,60.65,6065,0,0,1,1,8,1,0,2162,28,0,45.4615,0,0,0
UL,60.6743,6067,4,1,1,1,8,1,0,2162,28,0,45.4615,0,0,0
UL,60.6745,6067,4,2,1,1,8,1,0,2162,28,0,45.4615,0,0,0
UL,60.6748,6067,4,3,1,1,8,1,0,2162,28,0,45.4615,0,0,0
UL,60.699,6069,9,0,1,1,8,1,0,2162,28,0,45.4615,0,0,0
UL,60.6993,6069,9,1,1,1,8,1,0,2162,28,0,45.4615,0,0,0
UL,60.6995,6069,9,2,1,1,8,1,0,2162,28,0,45.4615,0,0,0
UL,60.724,6072,4,0,1,1,8,1,0,2162,28,0,45.4615,0,0,0
UL,60.7243,6072,4,1,1,1,8,1,0,2162,28,0,45.4615,0,0,0
UL,60.7245,6072,4,2,1,1,8,1,0,2162,28,0,45.4615,0,0,0
UL,60.749,6074,9,0,1,1,8,1,0,2162,28,0,45.4615,0,0,0
UL,60.7493,6074,9,1,1,1,8,1,0,2162,28,0,45.4615,0,0,0
UL,60.7495,6074,9,2,1,1,8,1,0,2162,28,0,45.4615,0,0,0
UL,60.774,6077,4,0,1,1,8,1,0,2162,28,0,45.4615,0,0,0
UL,60.7743,6077,4,1,1,1,8,1,0,2162,28,0,45.4615,0,0,0
UL,60.7745,6077,4,2,1,1,8,1,0,2162,28,0,45.4615,0,0,0
UL,60.799,6079,9,0,1,1,8,1,0,2162,28,0,45.4615,0,0,0
UL,60.7993,6079,9,1,1,1,8,1,0,2162,28,0,45.4615,0,0,0
UL,60.7995,6079,9,2,1,1,8,1,0,2162,28,0,45.4615,0,0,0
UL,60.824,6082,4,0,1,1,8,1,0,2162,28,0,45.4615,0,0,0
UL,60.8243,6082,4,1,1,1,8,1,0,2162,28,0,45.4615,0,0,0
UL,60.8245,6082,4,2,1,1,8,1,0,2162,28,0,45.4615,0,0,0
UL,60.849,6084,9,0,1,1,8,1,0,2162,28,0,45.4615,0,0,0
UL,60.8493,6084,9,1,1,1,8,1,0,2162,28,0,45.4615,0,0,0
UL,60.8495,6084,9,2,1,1,8,1,0,2162,28,0,45.4615,0,0,0
UL,64.1498,6414,9,3,1,2,8,1,0,123,0,0,45.4615,0,0,0
UL,64.1501,6415,0,0,1,2,8,1,0,123,0,0,45.4615,0,0,0
UL,64.1503,6415,0,1,1,2,8,1,0,123,0,0,45.4615,0,0,0
UL,64.1748,6417,4,3,1,1,8,1,0,2162,28,0,45.4615,0,0,0
UL,64.175,6417,5,0,1,1,8,1,0,2162,28,0,45.4615,0,0,0
UL,64.1753,6417,5,1,1,1,8,1,0,2162,28,0,45.4615,0,0,0
UL,64.1995,6419,9,2,1,1,8,1,0,2162,28,0,45.4615,0,0,0
UL,64.3996,6439,9,2,1,2,8,1,0,123,0,0,45.4615,0,0,0
UL,64.3998,6439,9,3,1,2,8,1,0,123,0,0,45.4615,0,0,0
UL,64.4001,6440,0,0,1,2,8,1,0,123,0,0,45.4615,0,0,0
UL,64.4245,6442,4,2,1,1,8,1,0,2162,28,0,45.4615,0,0,0
UL,64.6246,6462,4,2,1,2,8,1,0,123,0,0,45.4615,0,0,0
UL,64.6248,6462,4,3,1,2,8,1,0,123,0,0,45.4615,0,0,0
UL,64.6251,6462,5,0,1,2,8,1,0,123,0,0,45.4615,0,0,0
UL,64.6495,6464,9,2,1,1,8,1,0,2162,28,0,45.4615,0,0,0
UL,64.6498,6464,9,3,1,1,8,1,0,2162,28,0,45.4615,0,0,0
UL,64.65,6465,0,0,1,1,8,1,0,2162,28,0,45.4615,0,0,0
UL,64.6743,6467,4,1,1,1,8,1,0,2162,28,0,45.4615,0,0,0
UL,64.6745,6467,4,2,1,1,8,1,0,2162,28,0,45.4615,0,0,0
UL,64.6748,6467,4,3,1,1,8,1,0,2162,28,0,45.4615,0,0,0
UL,64.699,6469,9,0,1,1,8,1,0,2162,28,0,45.4615,0,0,0
UL,64.6993,6469,9,1,1,1,8,1,0,2162,28,0,45.4615,0,0,0
UL,64.6995,6469,9,2,1,1,8,1,0,2162,28,0,45.4615,0,0,0
UL,64.724,6472,4,0,1,1,8,1,0,2162,28,0,45.4615,0,0,0
UL,64.7243,6472,4,1,1,1,8,1,0,2162,28,0,45.4615,0,0,0
UL,64.7245,6472,4,2,1,1,8,1,0,2162,28,0,45.4615,0,0,0
UL,64.749,6474,9,0,1,1,8,1,0,2162,28,0,45.4615,0,0,0
UL,64.7493,6474,9,1,1,1,8,1,0,2162,28,0,45.4615,0,0,0
UL,64.7495,6474,9,2,1,1,8,1,0,2162,28,0,45.4615,0,0,0
UL,64.774,6477,4,0,1,1,8,1,0,2162,28,0,45.4615,0,0,0
UL,64.7743,6477,4,1,1,1,8,1,0,2162,28,0,45.4615,0,0,0
UL,64.7745,6477,4,2,1,1,8,1,0,2162,28,0,45.4615,0,0,0
UL,64.799,6479,9,0,1,1,8,1,0,2162,28,0,45.4615,0,0,0
UL,64.7993,6479,9,1,1,1,8,1,0,2162,28,0,45.4615,0,0,0
UL,64.7995,6479,9,2,1,1,8,1,0,2162,28,0,45.4615,0,0,0
UL,64.824,6482,4,0,1,1,8,1,0,2162,28,0,45.4615,0,0,0
UL,64.8243,6482,4,1,1,1,8,1,0,2162,28,0,45.4615,0,0,0
UL,64.8245,6482,4,2,1,1,8,1,0,2162,28,0,45.4615,0,0,0
UL,64.849,6484,9,0,1,1,8,1,0,2162,28,0,45.4615,0,0,0
UL,64.8493,6484,9,1,1,1,8,1,0,2162,28,0,45.4615,0,0,0
UL,64.8495,6484,9,2,1,1,8,1,0,2162,28,0,45.4615,0,0,0
UL,64.874,6487,4,0,1,1,8,1,0,2162,28,0,45.4615,0,0,0
UL,64.8743,6487,4,1,1,1,8,1,0,2162,28,0,45.4615,0,0,0
UL,64.8745,6487,4,2,1,1,8,1,0,2162,28,0,45.4615,0,0,0
UL,64.899,6489,9,0,1,1,8,1,0,2162,28,0,45.4615,0,0,0
UL,64.8993,6489,9,1,1,1,8,1,0,2162,28,0,45.4615,0,0,0
UL,64.8995,6489,9,2,1,1,8,1,0,2162,28,0,45.4615,0,0,0
UL,68.1498,6814,9,3,1,2,8,1,0,123,0,0,45.4615,0,0,0
UL,68.1501,6815,0,0,1,2,8,1,0,123,0,0,45.4615,0,0,0
UL,68.1503,6815,0,1,1,2,8,1,0,123,0,0,45.4615,0,0,0
UL,68.1748,6817,4,3,1,1,8,1,0,2162,28,0,45.4615,0,0,0
UL,68.175,6817,5,0,1,1,8,1,0,2162,28,0,45.4615,0,0,0
UL,68.1753,6817,5,1,1,1,8,1,0,2162,28,0,45.4615,0,0,0
UL,68.1995,6819,9,2,1,1,8,1,0,2162,28,0,45.4615,0,0,0
UL,68.3996,6839,9,2,1,2,8,1,0,123,0,0,45.4615,0,0,0
UL,68.3998,6839,9,3,1,2,8,1,0,123,0,0,45.4615,0,0,0
UL,68.4001,6840,0,0,1,2,8,1,0,123,0,0,45.4615,0,0,0
UL,68.4245,6842,4,2,1,1,8,1,0,2162,28,0,45.4615,0,0,0
UL,68.6246,6862,4,2,1,2,8,1,0,123,0,0,45.4615,0,0,0
UL,68.6248,6862,4,3,1,2,8,1,0,123,0,0,45.4615,0,0,0
UL,68.6251,6862,5,0,1,2,8,1,0,123,0,0,45.4615,0,0,0
UL,68.6495,6864,9,2,1,1,8,1,0,2162,28,0,45.4615,0,0,0
UL,68.6498,6864,9,3,1,1,8,1,0,2162,28,0,45.4615,0,0,0
UL,68.65,6865,0,0,1,1,8,1,0,2162,28,0,45.4615,0,0,0
UL,68.6743,6867,4,1,1,1,8,1,0,2162,28,0,45.4615,0,0,0
UL,68.6745,6867,4,2,1,1,8,1,0,2162,28,0,45.4615,0,0,0
UL,68.6748,6867,4,3,1,1,8,1,0,2162,28,0,45.4615,0,0,0
UL,68.699,6869,9,0,1,1,8,1,0,2162,28,0,45.4615,0,0,0
UL,68.6993,6869,9,1,1,1,8,1,0,2162,28,0,45.4615,0,0,0
UL,68.6995,6869,9,2,1,1,8,1,0,2162,28,0,45.4615,0,0,0
UL,68.724,6872,4,0,1,1,8,1,0,2162,28,0,45.4615,0,0,0
UL,68.7243,6872,4,1,1,1,8,1,0,2162,28,0,45.4615,0,0,0
UL,68.7245,6872,4,2,1,1,8,1,0,2162,28,0,45.4615,0,0,0
UL,68.749,6874,9,0,1,1,8,1,0,2162,28,0,45.4615,0,0,0
UL,68.7493,6874,9,1,1,1,8,1,0,2162,28,0,45.4615,0,0,0
UL,68.7495,6874,9,2,1,1,8,1,0,2162,28,0,45.4615,0,0,0
UL,68.774,6877,4,0,1,1,8,1,0,2162,28,0,45.4615,0,0,0
UL,68.7743,6877,4,1,1,1,8,1,0,2162,28,0,45.4615,0,0,0
UL,68.7745,6877,4,2,1,1,8,1,0,2162,28,0,45.4615,0,0,0
UL,68.799,6879,9,0,1,1,8,1,0,2162,28,0,45.4615,0,0,0
UL,68.7993,6879,9,1,1,1,8,1,0,2162,28,0,45.4615,0,0,0
UL,68.7995,6879,9,2,1,1,8,1,0,2162,28,0,45.4615,0,0,0
UL,68.824,6882,4,0,1,1,8,1,0,2162,28,0,45.4615,0,0,0
UL,68.8243,6882,4,1,1,1,8,1,0,2162,28,0,45.4615,0,0,0
UL,68.8245,6882,4,2,1,1,8,1,0,2162,28,0,45.4615,0,0,0
UL,68.849,6884,9,0,1,1,8,1,0,2162,28,0,45.4615,0,0,0
UL,68.8493,6884,9,1,1,1,8,1,0,2162,28,0,45.4615,0,0,0
UL,68.8495,6884,9,2,1,1,8,1,0,2162,28,0,45.4615,0,0,0
UL,68.874,6887,4,0,1,1,8,1,0,2162,28,0,45.4615,0,0,0
UL,68.8743,6887,4,1,1,1,8,1,0,2162,28,0,45.4615,0,0,0
UL,68.8745,6887,4,2,1,1,8,1,0,2162,28,0,45.4615,0,0,0
