#,Time,nodeId,velo_x,velo_y,pos_x,pos_y,Csgid,Earfcn,Imsi,rrcState,rrcState_str,rrcCellId,rrcDlBw
1,0,16,-36.4574,-17.7126,541,427,0,30309,9,0,IDLE_START,0,0
2,0.0211,16,-36.4574,-17.7126,540.231,426.626,0,30309,9,0,IDLE_START,0,0
3,0.0422,16,23.0272,-20.713,540.504,426.2,0,30309,9,0,IDLE_START,0,0
4,0.0633,16,24.1734,-0.296292,540.997,425.892,0,30309,9,9,CONNECTED_NORMALLY,3,4
5,0.0844,16,24.1734,-0.296292,541.507,425.886,0,30309,9,9,CONNECTED_NORMALLY,3,4
6,0.1055,16,41.6264,17.3177,542.143,426.006,0,30309,9,9,CONNECTED_NORMALLY,3,4
7,0.1266,16,21.2857,25.1596,542.897,426.419,0,30309,9,9,CONNECTED_NORMALLY,3,4
8,0.1477,16,21.2857,25.1596,543.346,426.95,0,30309,9,9,CONNECTED_NORMALLY,3,4
9,0.1688,16,-23.9677,1.6412,542.983,427.059,0,30309,9,9,CONNECTED_NORMALLY,3,4
10,0.1899,16,-23.9677,1.6412,542.477,427.094,0,30309,9,9,CONNECTED_NORMALLY,3,4
11,0.211,16,-19.9416,17.6392,542.046,427.425,0,30309,9,9,CONNECTED_NORMALLY,3,4
12,0.2321,16,5.93386,-44.2774,541.679,427.669,0,30309,9,9,CONNECTED_NORMALLY,3,4
13,0.2532,16,-4.25524,-29.446,541.796,426.746,0,30309,9,9,CONNECTED_NORMALLY,3,4
14,0.2743,16,-4.25524,-29.446,541.706,426.125,0,30309,9,9,CONNECTED_NORMALLY,3,4
15,0.2954,16,-5.49705,36.9354,541.605,426.126,0,30309,9,9,CONNECTED_NORMALLY,3,4
16,0.3165,16,-26.5626,-11.2105,541.411,426.727,0,30309,9,9,CONNECTED_NORMALLY,2,4
17,0.3376,16,-26.5626,-11.2105,540.851,426.491,0,30309,9,9,CONNECTED_NORMALLY,2,4
18,0.3587,16,-30.4417,18.7623,540.247,426.59,0,30309,9,9,CONNECTED_NORMALLY,2,4
19,0.3798,16,-2.60137,30.3006,539.725,427.036,0,30309,9,9,CONNECTED_NORMALLY,2,4
20,0.4009,16,-2.60137,30.3006,539.67,427.675,0,30309,9,9,CONNECTED_NORMALLY,2,4
21,0.422,16,32.8306,16.1635,540.099,428.122,0,30309,9,9,CONNECTED_NORMALLY,2,4
22,0.4431,16,8.5874,30.7621,540.612,428.571,0,30309,9,9,CONNECTED_NORMALLY,2,4
23,0.4642,16,8.5874,30.7621,540.793,429.22,0,30309,9,9,CONNECTED_NORMALLY,2,4
24,0.4853,16,18.5259,-37.486,541.156,428.619,0,30309,9,9,CONNECTED_NORMALLY,2,4
25,0.5064,16,-22.5487,-36.3597,540.91,427.845,0,30309,9,9,CONNECTED_NORMALLY,2,4
26,0.5275,16,-15.0457,-27.8447,540.534,427.191,0,30309,9,9,CONNECTED_NORMALLY,2,4
27,0.5486,16,-32.3908,0.997899,540.169,426.682,0,30309,9,9,CONNECTED_NORMALLY,2,4
28,0.5697,16,-32.3908,0.997899,539.485,426.703,0,30309,9,9,CONNECTED_NORMALLY,2,4
29,0.5908,16,-38.0134,-11.5643,538.723,426.548,0,30309,9,9,CONNECTED_NORMALLY,3,4
30,0.6119,16,24.5529,35.1203,538.547,426.771,0,30309,9,9,CONNECTED_NORMALLY,3,4
31,0.633,16,-14.9515,-32.7869,538.758,426.984,0,30309,9,9,CONNECTED_NORMALLY,3,4
#,Time,nodeId,velo_x,velo_y,pos_x,pos_y,Csgid,Earfcn,Imsi,rrcState,rrcState_str,rrcCellId,rrcDlBw
1,0,16,-36.4574,-17.7126,541,427,0,30309,9,0,IDLE_START,0,0
32,0.6541,16,-17.4852,39.2753,538.44,426.373,0,30309,9,9,CONNECTED_NORMALLY,3,4
2,0.0211,16,-36.4574,-17.7126,540.231,426.626,0,30309,9,0,IDLE_START,0,0
33,0.6752,16,-17.4852,39.2753,538.071,427.202,0,30309,9,9,CONNECTED_NORMALLY,3,4
3,0.0422,16,23.0272,-20.713,540.504,426.2,0,30309,9,0,IDLE_START,0,0
34,0.6963,16,-38.0279,19.1555,537.29,427.627,0,30309,9,9,CONNECTED_NORMALLY,3,4
4,0.0633,16,24.1734,-0.296292,540.997,425.892,0,30309,9,9,CONNECTED_NORMALLY,3,4
5,0.0844,16,24.1734,-0.296292,541.507,425.886,0,30309,9,9,CONNECTED_NORMALLY,3,4
35,0.7174,16,-25.0832,8.24302,536.716,427.838,0,30309,9,9,CONNECTED_NORMALLY,3,4
36,0.7385,16,-36.5807,-32.0106,536.176,427.976,0,30309,9,9,CONNECTED_NORMALLY,3,4
6,0.1055,16,41.6264,17.3177,542.143,426.006,0,30309,9,9,CONNECTED_NORMALLY,3,4
37,0.7596,16,-32.5512,26.6032,535.41,427.384,0,30309,9,9,CONNECTED_NORMALLY,3,4
7,0.1266,16,21.2857,25.1596,542.897,426.419,0,30309,9,9,CONNECTED_NORMALLY,3,4
38,0.7807,16,-32.5512,26.6032,534.724,427.946,0,30309,9,9,CONNECTED_NORMALLY,3,4
8,0.1477,16,21.2857,25.1596,543.346,426.95,0,30309,9,9,CONNECTED_NORMALLY,3,4
9,0.1688,16,-23.9677,1.6412,542.983,427.059,0,30309,9,9,CONNECTED_NORMALLY,3,4
39,0.8018,16,23.2645,-40.848,535.144,427.168,0,30309,9,9,CONNECTED_NORMALLY,3,4
10,0.1899,16,-23.9677,1.6412,542.477,427.094,0,30309,9,9,CONNECTED_NORMALLY,3,4
40,0.8229,16,14.3459,43.1094,535.46,427.958,0,30309,9,9,CONNECTED_NORMALLY,3,4
41,0.844,16,28.8798,-12.9479,536.035,427.816,0,30309,9,9,CONNECTED_NORMALLY,3,4
11,0.211,16,-19.9416,17.6392,542.046,427.425,0,30309,9,9,CONNECTED_NORMALLY,3,4
42,0.8651,16,-19.8747,30.4951,536.242,427.902,0,30309,9,9,CONNECTED_NORMALLY,3,4
12,0.2321,16,5.93386,-44.2774,541.679,427.669,0,30309,9,9,CONNECTED_NORMALLY,3,4
43,0.8862,16,-14.4502,-22.7403,535.832,428.444,0,30309,9,9,CONNECTED_NORMALLY,3,4
13,0.2532,16,-4.25524,-29.446,541.796,426.746,0,30309,9,9,CONNECTED_NORMALLY,3,4
14,0.2743,16,-4.25524,-29.446,541.706,426.125,0,30309,9,9,CONNECTED_NORMALLY,3,4
44,0.9073,16,-14.4502,-22.7403,535.528,427.965,0,30309,9,9,CONNECTED_NORMALLY,3,4
15,0.2954,16,-5.49705,36.9354,541.605,426.126,0,30309,9,9,CONNECTED_NORMALLY,3,4
16,0.3165,16,-26.5626,-11.2105,541.411,426.727,0,30309,9,9,CONNECTED_NORMALLY,2,4
17,0.3376,16,-26.5626,-11.2105,540.851,426.491,0,30309,9,9,CONNECTED_NORMALLY,2,4
18,0.3587,16,-30.4417,18.7623,540.247,426.59,0,30309,9,9,CONNECTED_NORMALLY,2,4
19,0.3798,16,-2.60137,30.3006,539.725,427.036,0,30309,9,9,CONNECTED_NORMALLY,2,4
20,0.4009,16,-2.60137,30.3006,539.67,427.675,0,30309,9,9,CONNECTED_NORMALLY,2,4
21,0.422,16,32.8306,16.1635,540.099,428.122,0,30309,9,9,CONNECTED_NORMALLY,2,4
22,0.4431,16,8.5874,30.7621,540.612,428.571,0,30309,9,9,CONNECTED_NORMALLY,2,4
23,0.4642,16,8.5874,30.7621,540.793,429.22,0,30309,9,9,CONNECTED_NORMALLY,2,4
24,0.4853,16,18.5259,-37.486,541.156,428.619,0,30309,9,9,CONNECTED_NORMALLY,2,4
25,0.5064,16,-22.5487,-36.3597,540.91,427.845,0,30309,9,9,CONNECTED_NORMALLY,2,4
26,0.5275,16,-15.0457,-27.8447,540.534,427.191,0,30309,9,9,CONNECTED_NORMALLY,2,4
27,0.5486,16,-32.3908,0.997899,540.169,426.682,0,30309,9,9,CONNECTED_NORMALLY,2,4
28,0.5697,16,-32.3908,0.997899,539.485,426.703,0,30309,9,9,CONNECTED_NORMALLY,2,4
29,0.5908,16,-38.0134,-11.5643,538.723,426.548,0,30309,9,9,CONNECTED_NORMALLY,3,4
30,0.6119,16,24.5529,35.1203,538.547,426.771,0,30309,9,9,CONNECTED_NORMALLY,3,4
31,0.633,16,-14.9515,-32.7869,538.758,426.984,0,30309,9,9,CONNECTED_NORMALLY,3,4
32,0.6541,16,-17.4852,39.2753,538.44,426.373,0,30309,9,9,CONNECTED_NORMALLY,3,4
33,0.6752,16,-17.4852,39.2753,538.071,427.202,0,30309,9,9,CONNECTED_NORMALLY,3,4
34,0.6963,16,-38.0279,19.1555,537.29,427.627,0,30309,9,9,CONNECTED_NORMALLY,3,4
35,0.7174,16,-25.0832,8.24302,536.716,427.838,0,30309,9,9,CONNECTED_NORMALLY,3,4
36,0.7385,16,-36.5807,-32.0106,536.176,427.976,0,30309,9,9,CONNECTED_NORMALLY,3,4
37,0.7596,16,-32.5512,26.6032,535.41,427.384,0,30309,9,9,CONNECTED_NORMALLY,3,4
38,0.7807,16,-32.5512,26.6032,534.724,427.946,0,30309,9,9,CONNECTED_NORMALLY,3,4
39,0.8018,16,23.2645,-40.848,535.144,427.168,0,30309,9,9,CONNECTED_NORMALLY,3,4
40,0.8229,16,14.3459,43.1094,535.46,427.958,0,30309,9,9,CONNECTED_NORMALLY,3,4
41,0.844,16,28.8798,-12.9479,536.035,427.816,0,30309,9,9,CONNECTED_NORMALLY,3,4
42,0.8651,16,-19.8747,30.4951,536.242,427.902,0,30309,9,9,CONNECTED_NORMALLY,3,4
43,0.8862,16,-14.4502,-22.7403,535.832,428.444,0,30309,9,9,CONNECTED_NORMALLY,3,4
44,0.9073,16,-14.4502,-22.7403,535.528,427.965,0,30309,9,9,CONNECTED_NORMALLY,3,4
45,0.9284,16,13.7574,-43.6823,535.42,427.339,0,30309,9,9,CONNECTED_NORMALLY,3,4
46,0.9495,16,-15.7693,-36.1179,535.525,426.464,0,30309,9,9,CONNECTED_NORMALLY,3,4
47,0.9706,16,22.9594,39.6306,535.269,425.851,0,30309,9,9,CONNECTED_NORMALLY,3,4
48,0.9917,16,-16.8243,-36.1291,535.704,426.594,0,30309,9,9,CONNECTED_NORMALLY,3,4
49,1.0128,16,-16.8243,-36.1291,535.349,425.832,0,30309,9,9,CONNECTED_NORMALLY,3,4
50,1.0339,16,-34.3836,-5.92286,534.672,425.623,0,30309,9,9,CONNECTED_NORMALLY,3,4
51,1.055,16,25.1331,7.72563,534.588,425.646,0,30309,9,9,CONNECTED_NORMALLY,3,4
52,1.0761,16,25.1331,7.72563,535.119,425.809,0,30309,9,9,CONNECTED_NORMALLY,3,4
53,1.0972,16,22.3936,-4.41445,535.608,425.79,0,30309,9,9,CONNECTED_NORMALLY,3,4
54,1.1183,16,22.3936,-4.41445,536.081,425.697,0,30309,9,9,CONNECTED_NORMALLY,3,4
55,1.1394,16,22.7337,-34.8725,536.558,425.198,0,30309,9,9,CONNECTED_NORMALLY,3,4
56,1.1605,16,31.0047,7.48765,537.123,424.903,0,30309,9,9,CONNECTED_NORMALLY,3,4
57,1.1816,16,32.5285,-35.9425,537.778,425.054,0,30309,9,9,CONNECTED_NORMALLY,3,4
58,1.2027,16,-24.7301,1.44488,538.428,424.319,0,30309,9,9,CONNECTED_NORMALLY,3,4
59,1.2238,16,-24.7301,1.44488,537.906,424.35,0,30309,9,9,CONNECTED_NORMALLY,3,4
60,1.2449,16,37.0638,24.9513,537.537,424.438,0,30309,9,9,CONNECTED_NORMALLY,3,4
61,1.266,16,-25.8518,8.175,538.244,424.945,0,30309,9,9,CONNECTED_NORMALLY,3,4
62,1.2871,16,-25.8518,8.175,537.699,425.117,0,30309,9,9,CONNECTED_NORMALLY,3,4
63,1.3082,16,-45.525,0.93348,537.025,425.243,0,30309,9,9,CONNECTED_NORMALLY,3,4
64,1.3293,16,8.72207,-32.2656,536.371,425.075,0,30309,9,9,CONNECTED_NORMALLY,3,4
65,1.3504,16,8.72207,-32.2656,536.555,424.394,0,30309,9,9,CONNECTED_NORMALLY,3,4
66,1.3715,16,-17.4132,-20.1742,536.27,423.93,0,30309,9,9,CONNECTED_NORMALLY,5,4
67,1.3926,16,17.01,15.2737,535.955,423.558,0,30309,9,9,CONNECTED_NORMALLY,5,4
68,1.4137,16,17.01,15.2737,536.314,423.88,0,30309,9,9,CONNECTED_NORMALLY,5,4
69,1.4348,16,17.01,15.2737,536.672,424.202,0,30309,9,9,CONNECTED_NORMALLY,5,4
70,1.4559,16,-0.990782,-23.0414,536.652,423.718,0,30309,9,9,CONNECTED_NORMALLY,5,4
71,1.477,16,-0.990782,-23.0414,536.631,423.231,0,30309,9,9,CONNECTED_NORMALLY,5,4
72,1.4981,16,23.4426,-27.0484,537.097,422.665,0,30309,9,9,CONNECTED_NORMALLY,5,4
73,1.5192,16,-26.0235,4.61547,536.945,422.508,0,30309,9,9,CONNECTED_NORMALLY,5,4
74,1.5403,16,-26.0235,4.61547,536.396,422.606,0,30309,9,9,CONNECTED_NORMALLY,5,4
75,1.5614,16,-27.3272,25.0869,535.824,423.06,0,30309,9,9,CONNECTED_NORMALLY,5,4
76,1.5825,16,31.1222,-10.5813,535.924,423.177,0,30309,9,9,CONNECTED_NORMALLY,5,4
77,1.6036,16,-48.6758,2.59044,536.401,422.983,0,30309,9,9,CONNECTED_NORMALLY,5,4
78,1.6247,16,-21.778,-15.9709,535.45,422.985,0,30309,9,9,CONNECTED_NORMALLY,5,4
79,1.6458,16,-21.778,-15.9709,534.991,422.648,0,30309,9,9,CONNECTED_NORMALLY,5,4
80,1.6669,16,-8.87125,19.0816,534.635,422.592,0,30309,9,9,CONNECTED_NORMALLY,5,4
81,1.688,16,-8.87125,19.0816,534.448,422.994,0,30309,9,9,CONNECTED_NORMALLY,5,4
82,1.7091,16,0.624755,-41.3681,534.286,423.235,0,30309,9,9,CONNECTED_NORMALLY,5,4
83,1.7302,16,0.624755,-41.3681,534.299,422.362,0,30309,9,9,CONNECTED_NORMALLY,5,4
84,1.7513,16,26.8871,19.5044,534.856,422.75,0,30309,9,9,CONNECTED_NORMALLY,5,4
85,1.7724,16,33.49,30.7313,535.501,423.293,0,30309,9,9,CONNECTED_NORMALLY,5,4
86,1.7935,16,-4.33565,26.9845,535.799,423.901,0,30309,9,9,CONNECTED_NORMALLY,5,4
87,1.8146,16,-4.33565,26.9845,535.707,424.47,0,30309,9,9,CONNECTED_NORMALLY,5,4
88,1.8357,16,-15.0022,-40.8846,535.441,423.925,0,30309,9,9,CONNECTED_NORMALLY,5,4
89,1.8568,16,-8.18358,44.4049,535.223,424.304,0,30309,9,9,CONNECTED_NORMALLY,5,4
90,1.8779,16,34.9974,-35.6271,535.634,424.16,0,30309,9,9,CONNECTED_NORMALLY,5,4
91,1.899,16,24.1892,35.7458,536.215,424.449,0,30309,9,9,CONNECTED_NORMALLY,5,4
92,1.9201,16,-45.0047,3.94423,535.859,424.805,0,30309,9,9,CONNECTED_NORMALLY,5,4
93,1.9412,16,22.0413,7.69738,535.679,424.931,0,30309,9,9,CONNECTED_NORMALLY,5,4
94,1.9623,16,22.0413,7.69738,536.144,425.094,0,30309,9,9,CONNECTED_NORMALLY,5,4
95,1.9834,16,-13.6263,-15.9598,536.222,425,0,30309,9,9,CONNECTED_NORMALLY,5,4
96,2.0045,16,-13.6263,-15.9598,535.935,424.663,0,30309,9,9,CONNECTED_NORMALLY,5,4
97,2.0256,16,21.28,-10.1941,535.836,424.357,0,30309,9,9,CONNECTED_NORMALLY,5,4
98,2.0467,16,21.28,-10.1941,536.285,424.142,0,30309,9,9,CONNECTED_NORMALLY,5,4
99,2.0678,16,-18.3431,25.3113,536.527,424.112,0,30309,9,9,CONNECTED_NORMALLY,5,4
100,2.0889,16,-18.3431,25.3113,536.14,424.646,0,30309,9,9,CONNECTED_NORMALLY,5,4
101,2.11,16,24.1204,7.30378,536.408,424.903,0,30309,9,9,CONNECTED_NORMALLY,5,4
102,2.1311,16,24.1204,7.30378,536.917,425.057,0,30309,9,9,CONNECTED_NORMALLY,5,4
103,2.1522,16,17.9045,28.811,537.314,425.597,0,30309,9,9,CONNECTED_NORMALLY,5,4
104,2.1733,16,-37.2208,6.77587,537.165,425.994,0,30309,9,9,CONNECTED_NORMALLY,5,4
105,2.1944,16,-40.1003,-15.6554,536.367,426.042,0,30309,9,9,CONNECTED_NORMALLY,5,4
106,2.2155,16,44.2794,-1.10025,535.699,425.742,0,30309,9,9,CONNECTED_NORMALLY,5,4
107,2.2366,16,8.18009,-28.4504,536.61,425.702,0,30309,9,9,CONNECTED_NORMALLY,5,4
108,2.2577,16,8.18009,-28.4504,536.783,425.102,0,30309,9,9,CONNECTED_NORMALLY,5,4
109,2.2788,16,-42.2109,-11.8798,536.5,424.651,0,30309,9,9,CONNECTED_NORMALLY,5,4
110,2.2999,16,-11.1348,-40.2301,535.837,424.193,0,30309,9,9,CONNECTED_NORMALLY,5,4
111,2.321,16,-23.4135,-6.55593,535.547,423.495,0,30309,9,9,CONNECTED_NORMALLY,5,4
112,2.3421,16,-23.4135,-6.55593,535.053,423.356,0,30309,9,9,CONNECTED_NORMALLY,5,4
113,2.3632,16,-22.8524,6.63092,534.562,423.291,0,30309,9,9,CONNECTED_NORMALLY,5,4
114,2.3843,16,-22.8524,6.63092,534.08,423.431,0,30309,9,9,CONNECTED_NORMALLY,5,4
115,2.4054,16,-7.56067,25.6196,533.686,423.68,0,30309,9,9,CONNECTED_NORMALLY,5,4
116,2.4265,16,-7.56067,25.6196,533.526,424.22,0,30309,9,9,CONNECTED_NORMALLY,5,4
117,2.4476,16,-34.926,-32.9578,533.079,424.146,0,30309,9,9,CONNECTED_NORMALLY,5,4
118,2.4687,16,19.2663,-27.3339,532.926,423.511,0,30309,9,9,CONNECTED_NORMALLY,5,4
119,2.4898,16,-24.2795,11.8935,533.247,423.012,0,30309,9,9,CONNECTED_NORMALLY,5,4
120,2.5109,16,-24.2795,11.8935,532.735,423.263,0,30309,9,9,CONNECTED_NORMALLY,5,4
121,2.532,16,29.6046,15.3859,532.609,423.539,0,30309,9,9,CONNECTED_NORMALLY,5,4
122,2.5531,16,29.6046,15.3859,533.234,423.863,0,30309,9,9,CONNECTED_NORMALLY,5,4
123,2.5742,16,-47.8136,11.6603,532.356,424.116,0,30309,9,9,CONNECTED_NORMALLY,5,4
124,2.5953,16,14.5774,-36.4077,532.607,423.392,0,30309,9,9,CONNECTED_NORMALLY,5,4
125,2.6164,16,-6.42674,-20.817,532.583,422.869,0,30309,9,9,CONNECTED_NORMALLY,5,4
126,2.6375,16,-6.42674,-20.817,532.447,422.43,0,30309,9,9,CONNECTED_NORMALLY,5,4
127,2.6586,16,-17.3469,-22.7067,532.179,421.968,0,30309,9,9,CONNECTED_NORMALLY,5,4
128,2.6797,16,-17.3469,-22.7067,531.813,421.489,0,30309,9,9,CONNECTED_NORMALLY,5,4
129,2.7008,16,-6.39931,30.2308,531.659,422.031,0,30309,9,9,CONNECTED_NORMALLY,5,4
130,2.7219,16,31.4693,-7.6853,531.828,422.365,0,30309,9,9,CONNECTED_NORMALLY,5,4
131,2.743,16,31.4693,-7.6853,532.492,422.202,0,30309,9,9,CONNECTED_NORMALLY,5,4
132,2.7641,16,-45.5598,-0.449326,531.664,422.18,0,30309,9,9,CONNECTED_NORMALLY,5,4
133,2.7852,16,29.3663,-18.4932,532.09,421.837,0,30309,9,9,CONNECTED_NORMALLY,5,4
134,2.8063,16,-26.9754,-22.4667,532.101,421.404,0,30309,9,9,CONNECTED_NORMALLY,5,4
135,2.8274,16,-23.8553,25.8399,531.543,421.094,0,30309,9,9,CONNECTED_NORMALLY,5,4
136,2.8485,16,-23.8553,25.8399,531.039,421.64,0,30309,9,9,CONNECTED_NORMALLY,5,4
137,2.8696,16,12.3237,23.8179,531.158,422.15,0,30309,9,9,CONNECTED_NORMALLY,5,4
138,2.8907,16,5.81331,25.8729,531.411,422.655,0,30309,9,9,CONNECTED_NORMALLY,5,4
139,2.9118,16,5.81331,25.8729,531.534,423.201,0,30309,9,9,CONNECTED_NORMALLY,5,4
140,2.9329,16,9.98887,32.1215,531.679,423.781,0,30309,9,9,CONNECTED_NORMALLY,5,4
141,2.954,16,9.98887,32.1215,531.89,424.459,0,30309,9,9,CONNECTED_NORMALLY,5,4
142,2.9751,16,21.5889,7.3988,532.309,424.693,0,30309,9,9,CONNECTED_NORMALLY,5,4
143,2.9962,16,21.5889,7.3988,532.765,424.849,0,30309,9,9,CONNECTED_NORMALLY,5,4
144,3.0173,16,-30.7998,10.2622,532.365,425.052,0,30309,9,9,CONNECTED_NORMALLY,5,4
145,3.0384,16,13.334,25.5024,532.007,425.369,0,30309,9,9,CONNECTED_NORMALLY,5,4
146,3.0595,16,13.334,25.5024,532.289,425.907,0,30309,9,9,CONNECTED_NORMALLY,5,4
147,3.0806,16,40.4586,15.5232,532.952,426.305,0,30309,9,9,CONNECTED_NORMALLY,5,4
148,3.1017,16,-39.7736,24.9045,532.834,426.746,0,30309,9,9,CONNECTED_NORMALLY,5,4
149,3.1228,16,-20.5088,1.19809,532.224,426.989,0,30309,9,9,CONNECTED_NORMALLY,5,4
150,3.1439,16,-20.5088,1.19809,531.792,427.015,0,30309,9,9,CONNECTED_NORMALLY,5,4
151,3.165,16,-21.7672,-15.2762,531.352,426.951,0,30309,9,9,CONNECTED_NORMALLY,5,4
152,3.1861,16,-21.7672,-15.2762,530.893,426.628,0,30309,9,9,CONNECTED_NORMALLY,5,4
153,3.2072,16,-19.4384,-23.2109,530.457,426.227,0,30309,9,9,CONNECTED_NORMALLY,5,4
154,3.2283,16,-19.4384,-23.2109,530.047,425.737,0,30309,9,9,CONNECTED_NORMALLY,5,4
155,3.2494,16,-29.0019,-10.5822,529.453,425.489,0,30309,9,9,CONNECTED_NORMALLY,5,4
156,3.2705,16,12.7579,26.6856,529.171,425.56,0,30309,9,9,CONNECTED_NORMALLY,5,4
157,3.2916,16,12.7579,26.6856,529.44,426.123,0,30309,9,9,CONNECTED_NORMALLY,5,4
158,3.3127,16,-8.58873,26.4039,529.361,426.682,0,30309,9,9,CONNECTED_NORMALLY,5,4
159,3.3338,16,-24.6193,-25.215,529.158,427.168,0,30309,9,9,CONNECTED_NORMALLY,5,4
160,3.3549,16,-24.6193,-25.215,528.639,426.636,0,30309,9,9,CONNECTED_NORMALLY,5,4
161,3.376,16,-16.0195,-15.451,528.25,426.253,0,30309,9,9,CONNECTED_NORMALLY,5,4
162,3.3971,16,-16.0195,-15.451,527.912,425.927,0,30309,9,9,CONNECTED_NORMALLY,5,4
163,3.4182,16,-23.6488,3.71029,527.479,425.839,0,30309,9,9,CONNECTED_NORMALLY,5,4
164,3.4393,16,-23.6488,3.71029,526.98,425.918,0,30309,9,9,CONNECTED_NORMALLY,5,4
165,3.4604,16,20.4996,44.4007,527.05,426.52,0,30309,9,9,CONNECTED_NORMALLY,5,4
166,3.4815,16,48.8363,1.11964,527.866,426.871,0,30309,9,9,CONNECTED_NORMALLY,5,4
167,3.5026,16,-38.7771,6.97943,527.655,426.978,0,30309,9,9,CONNECTED_NORMALLY,5,4
168,3.5237,16,-36.0359,9.04572,526.864,427.145,0,30309,9,9,CONNECTED_NORMALLY,5,4
169,3.5448,16,-29.7902,16.1959,526.129,427.365,0,30309,9,9,CONNECTED_NORMALLY,5,4
170,3.5659,16,-29.7902,16.1959,525.501,427.707,0,30309,9,9,CONNECTED_NORMALLY,5,4
171,3.587,16,27.9482,39.9867,525.841,428.448,0,30309,9,9,CONNECTED_NORMALLY,5,4
172,3.6081,16,-28.2501,13.7542,525.454,428.836,0,30309,9,9,CONNECTED_NORMALLY,5,4
173,3.6292,16,-32.6705,27.6001,524.828,429.218,0,30309,9,9,CONNECTED_NORMALLY,5,4
174,3.6503,16,21.3485,5.36285,524.375,429.703,0,30309,9,9,CONNECTED_NORMALLY,5,4
175,3.6714,16,21.3485,5.36285,524.826,429.816,0,30309,9,9,CONNECTED_NORMALLY,5,4
176,3.6925,16,-39.5392,8.5193,525.207,429.933,0,30309,9,9,CONNECTED_NORMALLY,5,4
177,3.7136,16,-39.5392,8.5193,524.372,430.113,0,30309,9,9,CONNECTED_NORMALLY,5,4
178,3.7347,16,14.0984,-14.3292,524.537,429.867,0,30309,9,9,CONNECTED_NORMALLY,5,4
179,3.7558,16,14.0984,-14.3292,524.834,429.565,0,30309,9,9,CONNECTED_NORMALLY,5,4
180,3.7769,16,22.9055,-2.35818,525.229,429.395,0,30309,9,9,CONNECTED_NORMALLY,5,4
181,3.798,16,22.9055,-2.35818,525.712,429.345,0,30309,9,9,CONNECTED_NORMALLY,5,4
182,3.8191,16,-17.0577,-17.8299,525.802,429.143,0,30309,9,9,CONNECTED_NORMALLY,5,4
183,3.8402,16,-17.0577,-17.8299,525.442,428.767,0,30309,9,9,CONNECTED_NORMALLY,5,4
184,3.8613,16,12.887,-41.5454,525.427,428.118,0,30309,9,9,CONNECTED_NORMALLY,5,4
185,3.8824,16,-31.4967,24.1823,525.272,427.874,0,30309,9,9,CONNECTED_NORMALLY,5,4
186,3.9035,16,43.3588,-15.7794,525.022,428.163,0,30309,9,9,CONNECTED_NORMALLY,5,4
187,3.9246,16,7.29803,-40.1197,525.758,427.709,0,30309,9,9,CONNECTED_NORMALLY,5,4
188,3.9457,16,8.57626,-33.132,525.914,426.873,0,30309,9,9,CONNECTED_NORMALLY,5,4
189,3.9668,16,8.57626,-33.132,526.095,426.174,0,30309,9,9,CONNECTED_NORMALLY,5,4
190,3.9879,16,28.5875,1.84577,526.567,425.983,0,30309,9,9,CONNECTED_NORMALLY,5,4
191,4.009,16,19.7854,7.90827,527.163,426.026,0,30309,9,9,CONNECTED_NORMALLY,5,4
192,4.0301,16,19.7854,7.90827,527.581,426.193,0,30309,9,9,CONNECTED_NORMALLY,5,4
193,4.0512,16,19.7854,7.90827,527.998,426.36,0,30309,9,9,CONNECTED_NORMALLY,5,4
194,4.0723,16,32.0331,-3.51392,528.625,426.332,0,30309,9,9,CONNECTED_NORMALLY,5,4
195,4.0934,16,16.3566,15.1061,529.189,426.391,0,30309,9,9,CONNECTED_NORMALLY,5,4
196,4.1145,16,16.3566,15.1061,529.534,426.71,0,30309,9,9,CONNECTED_NORMALLY,5,4
197,4.1356,16,27.6629,25.2736,529.929,427.074,0,30309,9,9,CONNECTED_NORMALLY,5,4
198,4.1567,16,27.6629,25.2736,530.513,427.607,0,30309,9,9,CONNECTED_NORMALLY,5,4
199,4.1778,16,28.778,-20.9391,531.119,427.218,0,30309,9,9,CONNECTED_NORMALLY,5,4
200,4.1989,16,-37.778,22.7328,530.864,427.342,0,30309,9,9,CONNECTED_NORMALLY,5,4
201,4.22,16,-28.6142,-15.1626,530.171,427.39,0,30309,9,9,CONNECTED_NORMALLY,5,4
202,4.2411,16,-23.7709,6.53681,529.575,427.105,0,30309,9,9,CONNECTED_NORMALLY,5,4
203,4.2622,16,-23.7709,6.53681,529.073,427.243,0,30309,9,9,CONNECTED_NORMALLY,5,4
204,4.2833,16,3.55801,-38.8384,528.66,427.234,0,30309,9,9,CONNECTED_NORMALLY,5,4
205,4.3044,16,3.55801,-38.8384,528.735,426.415,0,30309,9,9,CONNECTED_NORMALLY,5,4
206,4.3255,16,-42.1067,10.0474,527.906,426.563,0,30309,9,9,CONNECTED_NORMALLY,5,4
207,4.3466,16,18.9477,-13.0603,528.104,426.364,0,30309,9,9,CONNECTED_NORMALLY,5,4
208,4.3677,16,18.9477,-13.0603,528.504,426.088,0,30309,9,9,CONNECTED_NORMALLY,5,4
209,4.3888,16,4.02876,48.959,528.657,426.838,0,30309,9,9,CONNECTED_NORMALLY,5,4
210,4.4099,16,-11.3796,32.5162,528.476,427.587,0,30309,9,9,CONNECTED_NORMALLY,5,4
211,4.431,16,13.2514,-35.0359,528.466,427.641,0,30309,9,9,CONNECTED_NORMALLY,5,4
212,4.4521,16,-47.5007,-11.363,528.517,426.991,0,30309,9,9,CONNECTED_NORMALLY,5,4
213,4.4732,16,11.0094,17.4041,527.772,426.878,0,30309,9,9,CONNECTED_NORMALLY,5,4
214,4.4943,16,11.0094,17.4041,528.004,427.245,0,30309,9,9,CONNECTED_NORMALLY,5,4
215,4.5154,16,11.0094,17.4041,528.236,427.612,0,30309,9,9,CONNECTED_NORMALLY,5,4
216,4.5365,16,3.26863,29.0448,528.321,428.202,0,30309,9,9,CONNECTED_NORMALLY,5,4
217,4.5576,16,-33.9237,8.81253,528.166,428.693,0,30309,9,9,CONNECTED_NORMALLY,5,4
218,4.5787,16,-33.9237,8.81253,527.45,428.879,0,30309,9,9,CONNECTED_NORMALLY,5,4
219,4.5998,16,25.6634,29.7412,527.907,429.477,0,30309,9,9,CONNECTED_NORMALLY,5,4
220,4.6209,16,29.6478,22.6881,528.51,429.996,0,30309,9,9,CONNECTED_NORMALLY,5,4
221,4.642,16,5.85247,-37.9962,528.906,429.89,0,30309,9,9,CONNECTED_NORMALLY,5,4
222,4.6631,16,13.5139,-14.7998,529.066,429.198,0,30309,9,9,CONNECTED_NORMALLY,5,4
223,4.6842,16,13.5139,-14.7998,529.351,428.886,0,30309,9,9,CONNECTED_NORMALLY,5,4
224,4.7053,16,13.5139,-14.7998,529.636,428.573,0,30309,9,9,CONNECTED_NORMALLY,5,4
225,4.7264,16,-18.3403,9.66637,529.343,428.705,0,30309,9,9,CONNECTED_NORMALLY,5,4
226,4.7475,16,-18.3403,9.66637,528.956,428.909,0,30309,9,9,CONNECTED_NORMALLY,5,4
227,4.7686,16,-9.55148,-23.8076,528.676,428.708,0,30309,9,9,CONNECTED_NORMALLY,5,4
228,4.7897,16,-9.55148,-23.8076,528.474,428.205,0,30309,9,9,CONNECTED_NORMALLY,5,4
229,4.8108,16,3.49226,22.0902,528.472,428.406,0,30309,9,9,CONNECTED_NORMALLY,5,4
230,4.8319,16,3.49226,22.0902,528.546,428.872,0,30309,9,9,CONNECTED_NORMALLY,5,4
231,4.853,16,39.5037,-16.8982,529.081,428.839,0,30309,9,9,CONNECTED_NORMALLY,5,4
232,4.8741,16,25.7756,-4.88364,529.768,428.61,0,30309,9,9,CONNECTED_NORMALLY,5,4
233,4.8952,16,25.7756,-4.88364,530.312,428.507,0,30309,9,9,CONNECTED_NORMALLY,5,4
234,4.9163,16,45.8022,3.09795,531.151,428.522,0,30309,9,9,CONNECTED_NORMALLY,5,4
235,4.9374,16,-10.0944,-18.0843,531.333,428.29,0,30309,9,9,CONNECTED_NORMALLY,5,4
236,4.9585,16,-10.0944,-18.0843,531.12,427.908,0,30309,9,9,CONNECTED_NORMALLY,5,4
237,4.9796,16,27.0866,29.2913,531.202,427.903,0,30309,9,9,CONNECTED_NORMALLY,5,4
238,5.0007,16,-26.9492,-2.60819,531.559,428.394,0,30309,9,9,CONNECTED_NORMALLY,5,4
239,5.0218,16,-26.9492,-2.60819,530.991,428.339,0,30309,9,9,CONNECTED_NORMALLY,5,4
240,5.0429,16,18.6672,-25.7796,530.843,428.07,0,30309,9,9,CONNECTED_NORMALLY,5,4
241,5.064,16,18.6672,-25.7796,531.237,427.526,0,30309,9,9,CONNECTED_NORMALLY,5,4
242,5.0851,16,-41.0204,21.5289,530.436,427.929,0,30309,9,9,CONNECTED_NORMALLY,5,4
243,5.1062,16,23.5364,10.2378,530.832,428.163,0,30309,9,9,CONNECTED_NORMALLY,5,4
244,5.1273,16,-9.23472,-48.0587,531.274,428.281,0,30309,9,9,CONNECTED_NORMALLY,5,4
245,5.1484,16,3.92304,-30.6838,531.109,427.308,0,30309,9,9,CONNECTED_NORMALLY,5,4
246,5.1695,16,3.92304,-30.6838,531.192,426.66,0,30309,9,9,CONNECTED_NORMALLY,5,4
247,5.1906,16,18.525,-33.7076,531.453,425.976,0,30309,9,9,CONNECTED_NORMALLY,5,4
248,5.2117,16,0.332766,-34.0724,531.711,425.262,0,30309,9,9,CONNECTED_NORMALLY,5,4
249,5.2328,16,0.332766,-34.0724,531.718,424.543,0,30309,9,9,CONNECTED_NORMALLY,5,4
250,5.2539,16,-24.7958,23.9983,531.218,424.995,0,30309,9,9,CONNECTED_NORMALLY,5,4
251,5.275,16,-20.833,-31.4835,530.744,424.82,0,30309,9,9,CONNECTED_NORMALLY,5,4
252,5.2961,16,-5.61735,27.5799,530.409,424.563,0,30309,9,9,CONNECTED_NORMALLY,5,4
253,5.3172,16,-5.61735,27.5799,530.291,425.145,0,30309,9,9,CONNECTED_NORMALLY,5,4
254,5.3383,16,-36.6599,-30.9318,529.751,424.933,0,30309,9,9,CONNECTED_NORMALLY,5,4
255,5.3594,16,-26.5005,20.7649,529.118,424.995,0,30309,9,9,CONNECTED_NORMALLY,5,4
256,5.3805,16,19.6754,32.7522,528.8,425.496,0,30309,9,9,CONNECTED_NORMALLY,5,4
257,5.4016,16,-8.52714,40.5046,529.211,426.188,0,30309,9,9,CONNECTED_NORMALLY,5,4
258,5.4227,16,-8.52714,40.5046,529.031,427.043,0,30309,9,9,CONNECTED_NORMALLY,5,4
259,5.4438,16,-2.58329,-22.9456,528.959,426.743,0,30309,9,9,CONNECTED_NORMALLY,5,4
260,5.4649,16,-2.58329,-22.9456,528.905,426.259,0,30309,9,9,CONNECTED_NORMALLY,2,4
261,5.486,16,2.93697,-47.4915,528.944,425.356,0,30309,9,9,CONNECTED_NORMALLY,2,4
262,5.5071,16,-7.40155,19.2716,528.829,425.499,0,30309,9,9,CONNECTED_NORMALLY,2,4
263,5.5282,16,-7.40155,19.2716,528.673,425.906,0,30309,9,9,CONNECTED_NORMALLY,2,4
264,5.5493,16,32.2139,29.5662,528.949,426.425,0,30309,9,9,CONNECTED_NORMALLY,2,4
265,5.5704,16,-25.756,5.29432,529.098,426.827,0,30309,9,9,CONNECTED_NORMALLY,2,4
266,5.5915,16,-25.756,5.29432,528.555,426.939,0,30309,9,9,CONNECTED_NORMALLY,2,4
267,5.6126,16,-12.7508,47.6587,528.185,427.615,0,30309,9,9,CONNECTED_NORMALLY,2,4
268,5.6337,16,13.7244,33.739,528.29,428.423,0,30309,9,9,CONNECTED_NORMALLY,2,4
269,5.6548,16,-1.31231,22.9919,528.463,429.051,0,30309,9,9,CONNECTED_NORMALLY,2,4
270,5.6759,16,-1.31231,22.9919,528.435,429.536,0,30309,9,9,CONNECTED_NORMALLY,2,4
271,5.697,16,30.0564,7.61402,528.614,429.921,0,30309,9,9,CONNECTED_NORMALLY,2,4
272,5.7181,16,30.0564,7.61402,529.248,430.081,0,30309,9,9,CONNECTED_NORMALLY,2,4
273,5.7392,16,-21.0838,-42.2073,529.037,429.419,0,30309,9,9,CONNECTED_NORMALLY,2,4
274,5.7603,16,30.8359,25.2273,529.445,429.636,0,30309,9,9,CONNECTED_NORMALLY,2,4
275,5.7814,16,-36.4091,-9.31988,529.26,429.739,0,30309,9,9,CONNECTED_NORMALLY,2,4
276,5.8025,16,1.65977,-23.6745,528.755,429.443,0,30309,9,9,CONNECTED_NORMALLY,2,4
277,5.8236,16,1.65977,-23.6745,528.79,428.943,0,30309,9,9,CONNECTED_NORMALLY,2,4
278,5.8447,16,19.3883,35.8357,528.949,428.859,0,30309,9,9,CONNECTED_NORMALLY,2,4
279,5.8658,16,15.0578,-17.2585,529.343,429.428,0,30309,9,9,CONNECTED_NORMALLY,2,4
280,5.8869,16,15.0578,-17.2585,529.66,429.063,0,30309,9,9,CONNECTED_NORMALLY,2,4
281,5.908,16,8.01284,23.4688,529.964,428.784,0,30309,9,9,CONNECTED_NORMALLY,2,4
282,5.9291,16,8.01284,23.4688,530.133,429.279,0,30309,9,9,CONNECTED_NORMALLY,2,4
283,5.9502,16,-6.21838,28.858,530.245,429.796,0,30309,9,9,CONNECTED_NORMALLY,2,4
284,5.9713,16,-6.21838,28.858,530.114,430.405,0,30309,9,9,CONNECTED_NORMALLY,2,4
285,5.9924,16,-40.0127,18.2989,529.568,430.884,0,30309,9,9,CONNECTED_NORMALLY,5,4
286,6.0135,16,-25.4418,4.41952,528.879,431.122,0,30309,9,9,CONNECTED_NORMALLY,5,4
287,6.0346,16,-25.4418,4.41952,528.342,431.215,0,30309,9,9,CONNECTED_NORMALLY,5,4
288,6.0557,16,45.1853,-7.92867,528.803,431.134,0,30309,9,9,CONNECTED_NORMALLY,5,4
289,6.0768,16,11.9879,43.1296,529.311,431.652,0,30309,9,9,CONNECTED_NORMALLY,5,4
290,6.0979,16,15.3204,-20.251,529.604,431.79,0,30309,9,9,CONNECTED_NORMALLY,5,4
291,6.119,16,15.3204,-20.251,529.927,431.363,0,30309,9,9,CONNECTED_NORMALLY,5,4
292,6.1401,16,-27.064,-28.3825,529.615,430.813,0,30309,9,9,CONNECTED_NORMALLY,5,4
293,6.1612,16,45.1573,8.60595,529.81,430.607,0,30309,9,9,CONNECTED_NORMALLY,5,4
294,6.1823,16,-16.8895,33.2862,530.145,431.034,0,30309,9,9,CONNECTED_NORMALLY,5,4
295,6.2034,16,-29.1737,2.67477,529.736,431.606,0,30309,9,9,CONNECTED_NORMALLY,5,4
296,6.2245,16,-29.1737,2.67477,529.12,431.662,0,30309,9,9,CONNECTED_NORMALLY,5,4
297,6.2456,16,2.7411,28.3855,528.898,432.036,0,30309,9,9,CONNECTED_NORMALLY,5,4
298,6.2667,16,2.7411,28.3855,528.956,432.635,0,30309,9,9,CONNECTED_NORMALLY,5,4
299,6.2878,16,-14.1934,-40.3223,528.684,431.896,0,30309,9,9,CONNECTED_NORMALLY,5,4
300,6.3089,16,43.6742,0.267269,529.379,431.742,0,30309,9,9,CONNECTED_NORMALLY,5,4
301,6.33,16,3.48777,-32.0778,529.682,431.251,0,30309,9,9,CONNECTED_NORMALLY,5,4
302,6.3511,16,37.526,-3.74432,529.943,430.729,0,30309,9,9,CONNECTED_NORMALLY,5,4
303,6.3722,16,28.9661,10.4452,530.734,430.651,0,30309,9,9,CONNECTED_NORMALLY,5,4
304,6.3933,16,28.9661,10.4452,531.345,430.872,0,30309,9,9,CONNECTED_NORMALLY,5,4
305,6.4144,16,23.2805,-10.2415,531.901,430.89,0,30309,9,9,CONNECTED_NORMALLY,5,4
306,6.4355,16,23.2805,-10.2415,532.392,430.673,0,30309,9,9,CONNECTED_NORMALLY,5,4
307,6.4566,16,-23.8459,2.59548,532.286,430.62,0,30309,9,9,CONNECTED_NORMALLY,5,4
308,6.4777,16,-23.8459,2.59548,531.783,430.675,0,30309,9,9,CONNECTED_NORMALLY,5,4
309,6.4988,16,-35.4415,31.7844,531.127,431.114,0,30309,9,9,CONNECTED_NORMALLY,5,4
310,6.5199,16,-48.0811,8.2029,530.211,431.472,0,30309,9,9,CONNECTED_NORMALLY,5,4
311,6.541,16,-35.6642,-14.3051,529.369,431.333,0,30309,9,9,CONNECTED_NORMALLY,5,4
312,6.5621,16,-18.4126,-39.2701,528.771,430.807,0,30309,9,9,CONNECTED_NORMALLY,5,4
313,6.5832,16,19.5544,27.1337,528.648,430.443,0,30309,9,9,CONNECTED_NORMALLY,5,4
314,6.6043,16,19.5544,27.1337,529.06,431.016,0,30309,9,9,CONNECTED_NORMALLY,5,4
315,6.6254,16,-33.8818,-12.9051,528.442,430.816,0,30309,9,9,CONNECTED_NORMALLY,5,4
316,6.6465,16,22.9872,34.1893,528.456,431.147,0,30309,9,9,CONNECTED_NORMALLY,5,4
317,6.6676,16,12.8805,16.7905,528.843,431.701,0,30309,9,9,CONNECTED_NORMALLY,5,4
318,6.6887,16,12.8805,16.7905,529.115,432.055,0,30309,9,9,CONNECTED_NORMALLY,5,4
319,6.7098,16,8.01188,40.893,529.364,432.52,0,30309,9,9,CONNECTED_NORMALLY,5,4
320,6.7309,16,6.2514,26.2284,529.531,433.358,0,30309,9,9,CONNECTED_NORMALLY,5,4
321,6.752,16,6.2514,26.2284,529.662,433.911,0,30309,9,9,CONNECTED_NORMALLY,5,4
322,6.7731,16,-5.62444,21.6455,529.714,434.433,0,30309,9,9,CONNECTED_NORMALLY,5,4
323,6.7942,16,-5.62444,21.6455,529.595,434.89,0,30309,9,9,CONNECTED_NORMALLY,5,4
324,6.8153,16,-23.2362,-12.5308,529.401,435.2,0,30309,9,9,CONNECTED_NORMALLY,5,4
325,6.8364,16,-23.2362,-12.5308,528.91,434.936,0,30309,9,9,CONNECTED_NORMALLY,5,4
326,6.8575,16,-14.8481,16.3506,528.492,434.92,0,30309,9,9,CONNECTED_NORMALLY,5,4
327,6.8786,16,-14.8481,16.3506,528.179,435.265,0,30309,9,9,CONNECTED_NORMALLY,5,4
328,6.8997,16,-5.04678,-25.6354,527.92,435.378,0,30309,9,9,CONNECTED_NORMALLY,5,4
329,6.9208,16,-5.04678,-25.6354,527.813,434.837,0,30309,9,9,CONNECTED_NORMALLY,5,4
330,6.9419,16,-12.3671,25.6546,527.638,434.781,0,30309,9,9,CONNECTED_NORMALLY,5,4
331,6.963,16,-12.3671,25.6546,527.377,435.323,0,30309,9,9,CONNECTED_NORMALLY,5,4
332,6.9841,16,0.311304,38.8747,527.326,436.083,0,30309,9,9,CONNECTED_NORMALLY,5,4
333,7.0052,16,-45.4545,6.00237,526.786,436.511,0,30309,9,9,CONNECTED_NORMALLY,5,4
334,7.0263,16,-2.0448,22.0735,526.314,436.818,0,30309,9,9,CONNECTED_NORMALLY,5,4
335,7.0474,16,-2.0448,22.0735,526.271,437.283,0,30309,9,9,CONNECTED_NORMALLY,5,4
336,7.0685,16,20.0696,-2.79148,526.412,437.543,0,30309,9,9,CONNECTED_NORMALLY,5,4
337,7.0896,16,20.0696,-2.79148,526.835,437.484,0,30309,9,9,CONNECTED_NORMALLY,5,4
338,7.1107,16,-17.0627,-20.1659,527.216,437.405,0,30309,9,9,CONNECTED_NORMALLY,5,4
339,7.1318,16,-17.0627,-20.1659,526.856,436.979,0,30309,9,9,CONNECTED_NORMALLY,5,4
340,7.1529,16,-33.3051,-0.193167,526.406,436.664,0,30309,9,9,CONNECTED_NORMALLY,5,4
341,7.174,16,-33.3051,-0.193167,525.704,436.66,0,30309,9,9,CONNECTED_NORMALLY,5,4
342,7.1951,16,18.4803,19.9473,525.916,437.011,0,30309,9,9,CONNECTED_NORMALLY,5,4
343,7.2162,16,15.8879,24.508,526.301,437.441,0,30309,9,9,CONNECTED_NORMALLY,5,4
344,7.2373,16,15.8879,24.508,526.636,437.959,0,30309,9,9,CONNECTED_NORMALLY,5,4
345,7.2584,16,20.5102,23.3778,527.017,438.464,0,30309,9,9,CONNECTED_NORMALLY,5,4
346,7.2795,16,20.5102,23.3778,527.45,438.958,0,30309,9,9,CONNECTED_NORMALLY,5,4
347,7.3006,16,18.4463,-24.733,527.842,438.489,0,30309,9,9,CONNECTED_NORMALLY,5,4
348,7.3217,16,-11.7892,45.0061,527.968,438.573,0,30309,9,9,CONNECTED_NORMALLY,5,4
349,7.3428,16,-40.8309,-1.3527,527.478,439.138,0,30309,9,9,CONNECTED_NORMALLY,5,4
350,7.3639,16,20.2937,12.4887,526.917,439.177,0,30309,9,9,CONNECTED_NORMALLY,5,4
351,7.385,16,20.2937,12.4887,527.346,439.441,0,30309,9,9,CONNECTED_NORMALLY,5,4
352,7.4061,16,-41.7767,-9.48725,527.454,439.591,0,30309,9,9,CONNECTED_NORMALLY,5,4
353,7.4272,16,4.47682,-24.4124,526.707,439.348,0,30309,9,9,CONNECTED_NORMALLY,5,4
354,7.4483,16,4.47682,-24.4124,526.802,438.832,0,30309,9,9,CONNECTED_NORMALLY,5,4
355,7.4694,16,-43.9586,1.26166,526.662,438.441,0,30309,9,9,CONNECTED_NORMALLY,5,4
356,7.4905,16,-17.3403,27.0048,525.82,438.55,0,30309,9,9,CONNECTED_NORMALLY,5,4
357,7.5116,16,-17.3403,27.0048,525.454,439.119,0,30309,9,9,CONNECTED_NORMALLY,5,4
358,7.5327,16,-10.5788,-48.6771,525.184,438.613,0,30309,9,9,CONNECTED_NORMALLY,5,4
359,7.5538,16,23.5137,-7.03543,525.481,438.221,0,30309,9,9,CONNECTED_NORMALLY,5,4
360,7.5749,16,23.5137,-7.03543,525.977,438.072,0,30309,9,9,CONNECTED_NORMALLY,5,4
361,7.596,16,-32.5007,2.93861,525.537,438.09,0,30309,9,9,CONNECTED_NORMALLY,5,4
362,7.6171,16,-35.3953,-4.88225,524.831,438.096,0,30309,9,9,CONNECTED_NORMALLY,5,4
363,7.6382,16,-25.0765,-26.5852,524.087,437.988,0,30309,9,9,CONNECTED_NORMALLY,5,4
364,7.6593,16,-25.0765,-26.5852,523.558,437.427,0,30309,9,9,CONNECTED_NORMALLY,5,4
365,7.6804,16,15.6887,-41.8544,523.644,436.635,0,30309,9,9,CONNECTED_NORMALLY,5,4
366,7.7015,16,38.452,14.911,524.291,436.537,0,30309,9,9,CONNECTED_NORMALLY,5,4
367,7.7226,16,-36.2382,34.0124,524.303,437.056,0,30309,9,9,CONNECTED_NORMALLY,5,4
368,7.7437,16,-10.0644,37.4079,523.844,437.813,0,30309,9,9,CONNECTED_NORMALLY,5,4
369,7.7648,16,-23.4037,-10.6188,523.539,438.269,0,30309,9,9,CONNECTED_NORMALLY,5,4
370,7.7859,16,-23.4037,-10.6188,523.045,438.045,0,30309,9,9,CONNECTED_NORMALLY,5,4
371,7.807,16,-19.9545,-19.8784,522.587,437.726,0,30309,9,9,CONNECTED_NORMALLY,5,4
372,7.8281,16,-19.9545,-19.8784,522.166,437.306,0,30309,9,9,CONNECTED_NORMALLY,5,4
373,7.8492,16,-8.45988,18.8557,521.939,437.543,0,30309,9,9,CONNECTED_NORMALLY,5,4
374,7.8703,16,-8.45988,18.8557,521.761,437.941,0,30309,9,9,CONNECTED_NORMALLY,5,4
375,7.8914,16,-11.2088,-41.8953,521.553,437.685,0,30309,9,9,CONNECTED_NORMALLY,5,4
376,7.9125,16,-19.0274,-9.40352,521.248,437.087,0,30309,9,9,CONNECTED_NORMALLY,5,4
377,7.9336,16,-19.0274,-9.40352,520.846,436.889,0,30309,9,9,CONNECTED_NORMALLY,5,4
378,7.9547,16,-31.1451,23.9272,520.398,436.82,0,30309,9,9,CONNECTED_NORMALLY,5,4
379,7.9758,16,-31.1451,23.9272,519.74,437.325,0,30309,9,9,CONNECTED_NORMALLY,5,4
380,7.9969,16,37.2297,-30.5873,520.493,436.705,0,30309,9,9,CONNECTED_NORMALLY,5,4
381,8.018,16,23.9005,-25.5705,520.999,436.165,0,30309,9,9,CONNECTED_NORMALLY,5,4
382,8.0391,16,27.3534,31.214,521.55,436.392,0,30309,9,9,CONNECTED_NORMALLY,5,4
383,8.0602,16,24.1271,3.90936,522.093,436.764,0,30309,9,9,CONNECTED_NORMALLY,5,4
384,8.0813,16,24.1271,3.90936,522.602,436.846,0,30309,9,9,CONNECTED_NORMALLY,5,4
385,8.1024,16,-40.5193,-15.5013,522.35,436.7,0,30309,9,9,CONNECTED_NORMALLY,5,4
386,8.1235,16,-22.532,-2.62908,521.672,436.5,0,30309,9,9,CONNECTED_NORMALLY,5,4
387,8.1446,16,-22.532,-2.62908,521.196,436.444,0,30309,9,9,CONNECTED_NORMALLY,5,4
388,8.1657,16,1.59382,-44.0895,520.913,436.059,0,30309,9,9,CONNECTED_NORMALLY,5,4
389,8.1868,16,30.3517,11.2522,521.13,435.482,0,30309,9,9,CONNECTED_NORMALLY,5,4
390,8.2079,16,30.3517,11.2522,521.77,435.719,0,30309,9,9,CONNECTED_NORMALLY,5,4
391,8.229,16,-40.0992,3.95578,521.164,435.828,0,30309,9,9,CONNECTED_NORMALLY,5,4
392,8.2501,16,24.4479,-4.94738,521.22,435.787,0,30309,9,9,CONNECTED_NORMALLY,5,4
393,8.2712,16,24.4479,-4.94738,521.736,435.682,0,30309,9,9,CONNECTED_NORMALLY,5,4
394,8.2923,16,-8.25783,-28.0139,521.726,435.207,0,30309,9,9,CONNECTED_NORMALLY,5,4
395,8.3134,16,-4.62086,-23.0278,521.562,434.631,0,30309,9,9,CONNECTED_NORMALLY,5,4
396,8.3345,16,-4.62086,-23.0278,521.465,434.145,0,30309,9,9,CONNECTED_NORMALLY,3,4
397,8.3556,16,-16.1449,22.3371,521.338,433.775,0,30309,9,9,CONNECTED_NORMALLY,3,4
398,8.3767,16,-16.1449,22.3371,520.997,434.247,0,30309,9,9,CONNECTED_NORMALLY,3,4
399,8.3978,16,-9.90931,-45.1465,520.709,434.145,0,30309,9,9,CONNECTED_NORMALLY,3,4
400,8.4189,16,41.6882,14.4506,520.91,433.667,0,30309,9,9,CONNECTED_NORMALLY,3,4
401,8.44,16,-22.5431,25.0415,521.38,434.039,0,30309,9,9,CONNECTED_NORMALLY,3,4
402,8.4611,16,-22.5431,25.0415,520.904,434.568,0,30309,9,9,CONNECTED_NORMALLY,3,4
403,8.4822,16,24.9871,28.9118,521.327,435.169,0,30309,9,9,CONNECTED_NORMALLY,3,4
404,8.5033,16,-7.54534,43.0515,521.404,435.975,0,30309,9,9,CONNECTED_NORMALLY,3,4
405,8.5244,16,-31.0885,38.789,520.961,436.832,0,30309,9,9,CONNECTED_NORMALLY,3,4
406,8.5455,16,21.2233,-0.969231,520.987,437.132,0,30309,9,9,CONNECTED_NORMALLY,3,4
407,8.5666,16,21.2233,-0.969231,521.435,437.111,0,30309,9,9,CONNECTED_NORMALLY,3,4
408,8.5877,16,-42.6508,-5.48745,521.361,437.054,0,30309,9,9,CONNECTED_NORMALLY,3,4
409,8.6088,16,-39.9111,4.89396,520.478,437.001,0,30309,9,9,CONNECTED_NORMALLY,3,4
410,8.6299,16,-37.106,-16.7467,519.642,437.055,0,30309,9,9,CONNECTED_NORMALLY,3,4
411,8.651,16,-37.106,-16.7467,518.859,436.702,0,30309,9,9,CONNECTED_NORMALLY,3,4
412,8.6721,16,23.6543,-34.3418,519.284,435.999,0,30309,9,9,CONNECTED_NORMALLY,3,4
413,8.6932,16,-14.8202,21.7543,519.129,436.228,0,30309,9,9,CONNECTED_NORMALLY,3,4
414,8.7143,16,-0.331921,22.6762,518.818,436.687,0,30309,9,9,CONNECTED_NORMALLY,3,4
415,8.7354,16,-0.331921,22.6762,518.811,437.165,0,30309,9,9,CONNECTED_NORMALLY,3,4
416,8.7565,16,-0.331921,22.6762,518.804,437.644,0,30309,9,9,CONNECTED_NORMALLY,3,4
417,8.7776,16,23.1586,-22.1102,519.251,437.257,0,30309,9,9,CONNECTED_NORMALLY,3,4
418,8.7987,16,37.2835,23.0817,519.869,437.206,0,30309,9,9,CONNECTED_NORMALLY,3,4
419,8.8198,16,35.6738,-0.548854,520.644,437.516,0,30309,9,9,CONNECTED_NORMALLY,3,4
420,8.8409,16,9.09828,-28.0021,521.382,437.489,0,30309,9,9,CONNECTED_NORMALLY,3,4
421,8.862,16,9.09828,-28.0021,521.574,436.898,0,30309,9,9,CONNECTED_NORMALLY,3,4
422,8.8831,16,-32.9657,8.16009,521.396,436.625,0,30309,9,9,CONNECTED_NORMALLY,3,4
423,8.9042,16,-43.7592,-11.8671,520.696,436.789,0,30309,9,9,CONNECTED_NORMALLY,3,4
424,8.9253,16,-43.7592,-11.8671,519.772,436.538,0,30309,9,9,CONNECTED_NORMALLY,3,4
425,8.9464,16,-44.6002,7.55757,518.832,436.688,0,30309,9,9,CONNECTED_NORMALLY,3,4
426,8.9675,16,-12.4013,-22.2029,518.521,436.264,0,30309,9,9,CONNECTED_NORMALLY,3,4
427,8.9886,16,-6.7582,-21.737,518.267,435.797,0,30309,9,9,CONNECTED_NORMALLY,3,4
428,9.0097,16,-6.7582,-21.737,518.124,435.338,0,30309,9,9,CONNECTED_NORMALLY,3,4
429,9.0308,16,-6.7582,-21.737,517.982,434.879,0,30309,9,9,CONNECTED_NORMALLY,3,4
430,9.0519,16,31.0775,13.446,518.624,435.15,0,30309,9,9,CONNECTED_NORMALLY,3,4
431,9.073,16,-28.4702,-30.5728,518.547,434.892,0,30309,9,9,CONNECTED_NORMALLY,3,4
432,9.0941,16,4.08328,-45.6064,518.254,434.105,0,30309,9,9,CONNECTED_NORMALLY,3,4
433,9.1152,16,15.5278,42.0215,518.44,433.907,0,30309,9,9,CONNECTED_NORMALLY,3,4
434,9.1363,16,-28.3529,-7.93245,518.439,434.419,0,30309,9,9,CONNECTED_NORMALLY,5,4
435,9.1574,16,-28.3529,-7.93245,517.841,434.252,0,30309,9,9,CONNECTED_NORMALLY,5,4
436,9.1785,16,-1.64781,-31.4528,517.663,433.714,0,30309,9,9,CONNECTED_NORMALLY,5,4
437,9.1996,16,-0.465947,-23.7375,517.634,433.09,0,30309,9,9,CONNECTED_NORMALLY,5,4
438,9.2207,16,-0.465947,-23.7375,517.624,432.589,0,30309,9,9,CONNECTED_NORMALLY,5,4
439,9.2418,16,0.0995378,24.8102,517.617,432.339,0,30309,9,9,CONNECTED_NORMALLY,5,4
440,9.2629,16,0.0995378,24.8102,517.619,432.862,0,30309,9,9,CONNECTED_NORMALLY,5,4
441,9.284,16,40.7557,-11.5561,517.908,433.129,0,30309,9,9,CONNECTED_NORMALLY,5,4
442,9.3051,16,30.6341,17.9614,518.722,433.02,0,30309,9,9,CONNECTED_NORMALLY,5,4
443,9.3262,16,30.6341,17.9614,519.368,433.399,0,30309,9,9,CONNECTED_NORMALLY,5,4
444,9.3473,16,-20.0145,6.65983,519.073,433.567,0,30309,9,9,CONNECTED_NORMALLY,5,4
445,9.3684,16,-20.0145,6.65983,518.651,433.708,0,30309,9,9,CONNECTED_NORMALLY,5,4
446,9.3895,16,-14.2708,-20.2198,518.305,433.489,0,30309,9,9,CONNECTED_NORMALLY,5,4
447,9.4106,16,-14.2708,-20.2198,518.004,433.062,0,30309,9,9,CONNECTED_NORMALLY,5,4
448,9.4317,16,6.73596,-25.2619,518.022,432.559,0,30309,9,9,CONNECTED_NORMALLY,5,4
449,9.4528,16,6.73596,-25.2619,518.164,432.026,0,30309,9,9,CONNECTED_NORMALLY,5,4
450,9.4739,16,-14.7469,25.5527,517.895,432.465,0,30309,9,9,CONNECTED_NORMALLY,5,4
451,9.495,16,17.0178,31.2721,517.785,433.04,0,30309,9,9,CONNECTED_NORMALLY,5,4
452,9.5161,16,17.0178,31.2721,518.144,433.7,0,30309,9,9,CONNECTED_NORMALLY,5,4
453,9.5372,16,24.817,41.4257,518.663,434.568,0,30309,9,9,CONNECTED_NORMALLY,5,4
454,9.5583,16,-15.3928,-17.4199,518.349,434.215,0,30309,9,9,CONNECTED_NORMALLY,5,4
455,9.5794,16,-15.3928,-17.4199,518.024,433.848,0,30309,9,9,CONNECTED_NORMALLY,5,4
456,9.6005,16,41.7868,23.8947,518.844,434.308,0,30309,9,9,CONNECTED_NORMALLY,5,4
457,9.6216,16,27.3872,-11.6453,519.433,434.089,0,30309,9,9,CONNECTED_NORMALLY,5,4
458,9.6427,16,-3.24063,-22.9454,519.77,433.754,0,30309,9,9,CONNECTED_NORMALLY,5,4
459,9.6638,16,-3.24063,-22.9454,519.702,433.27,0,30309,9,9,CONNECTED_NORMALLY,5,4
460,9.6849,16,40.7179,-9.39073,519.936,432.879,0,30309,9,9,CONNECTED_NORMALLY,5,4
461,9.706,16,21.2521,-19.5408,520.717,432.64,0,30309,9,9,CONNECTED_NORMALLY,5,4
462,9.7271,16,21.2521,-19.5408,521.165,432.228,0,30309,9,9,CONNECTED_NORMALLY,5,4
463,9.7482,16,7.62533,-21.7754,521.455,431.789,0,30309,9,9,CONNECTED_NORMALLY,5,4
464,9.7693,16,7.62533,-21.7754,521.616,431.33,0,30309,9,9,CONNECTED_NORMALLY,5,4
465,9.7904,16,21.3244,-35.0319,521.92,430.731,0,30309,9,9,CONNECTED_NORMALLY,5,4
466,9.8115,16,20.9536,36.564,522.368,430.508,0,30309,9,9,CONNECTED_NORMALLY,5,4
467,9.8326,16,24.0503,-24.3173,522.824,431.001,0,30309,9,9,CONNECTED_NORMALLY,5,4
468,9.8537,16,24.0503,-24.3173,523.331,430.488,0,30309,9,9,CONNECTED_NORMALLY,5,4
469,9.8748,16,-32.1402,-18.3463,522.854,430.079,0,30309,9,9,CONNECTED_NORMALLY,5,4
470,9.8959,16,-24.1696,29.682,522.268,430.25,0,30309,9,9,CONNECTED_NORMALLY,5,4
471,9.917,16,-39.0469,-5.00391,521.66,430.648,0,30309,9,9,CONNECTED_NORMALLY,5,4
472,9.9381,16,5.52346,42.1701,520.938,430.65,0,30309,9,9,CONNECTED_NORMALLY,5,4
473,9.9592,16,5.52346,42.1701,521.055,431.54,0,30309,9,9,CONNECTED_NORMALLY,5,4
474,9.9803,16,-27.7455,21.4473,520.473,431.995,0,30309,9,9,CONNECTED_NORMALLY,5,4
475,10.0014,16,-40.5428,14.411,519.715,432.352,0,30309,9,9,CONNECTED_NORMALLY,5,4
476,10.0225,16,15.2401,30.4617,519.496,432.839,0,30309,9,9,CONNECTED_NORMALLY,5,4
477,10.0436,16,-40.3158,4.65268,519.642,433.401,0,30309,9,9,CONNECTED_NORMALLY,5,4
478,10.0647,16,-40.3158,4.65268,518.791,433.499,0,30309,9,9,CONNECTED_NORMALLY,5,4
479,10.0858,16,27.7325,-9.54561,519.35,433.303,0,30309,9,9,CONNECTED_NORMALLY,5,4
480,10.1069,16,-10.052,-29.0753,519.644,432.951,0,30309,9,9,CONNECTED_NORMALLY,5,4
481,10.128,16,-10.052,-29.0753,519.432,432.337,0,30309,9,9,CONNECTED_NORMALLY,5,4
482,10.1491,16,-8.3344,30.2533,519.25,432.757,0,30309,9,9,CONNECTED_NORMALLY,5,4
483,10.1702,16,40.1302,-21.9315,519.396,433.048,0,30309,9,9,CONNECTED_NORMALLY,5,4
484,10.1913,16,-24.8867,-8.65412,519.86,432.664,0,30309,9,9,CONNECTED_NORMALLY,5,4
485,10.2124,16,-24.8867,-8.65412,519.335,432.481,0,30309,9,9,CONNECTED_NORMALLY,5,4
486,10.2335,16,-22.0724,32.455,518.839,432.715,0,30309,9,9,CONNECTED_NORMALLY,5,4
487,10.2546,16,12.2849,-47.1563,518.57,432.942,0,30309,9,9,CONNECTED_NORMALLY,5,4
488,10.2757,16,-19.4397,31.5161,518.629,432.445,0,30309,9,9,CONNECTED_NORMALLY,5,4
489,10.2968,16,-6.65652,-33.7959,518.224,433.082,0,30309,9,9,CONNECTED_NORMALLY,5,4
490,10.3179,16,-6.65652,-33.7959,518.084,432.369,0,30309,9,9,CONNECTED_NORMALLY,5,4
491,10.339,16,-1.05089,-46.7612,518.019,431.48,0,30309,9,9,CONNECTED_NORMALLY,5,4
492,10.3601,16,-40.5024,-27.0486,517.472,430.756,0,30309,9,9,CONNECTED_NORMALLY,5,4
493,10.3812,16,-29.116,-17.0191,516.775,430.324,0,30309,9,9,CONNECTED_NORMALLY,5,4
494,10.4023,16,-29.7328,-7.75481,516.158,430.014,0,30309,9,9,CONNECTED_NORMALLY,5,4
495,10.4234,16,-29.7328,-7.75481,515.53,429.851,0,30309,9,9,CONNECTED_NORMALLY,5,4
496,10.4445,16,-3.75804,-28.9082,515.292,429.37,0,30309,9,9,CONNECTED_NORMALLY,5,4
497,10.4656,16,-3.92079,34.605,515.213,428.873,0,30309,9,9,CONNECTED_NORMALLY,5,4
498,10.4867,16,-3.92079,34.605,515.13,429.603,0,30309,9,9,CONNECTED_NORMALLY,5,4
499,10.5078,16,-21.2919,-19.0379,514.782,429.515,0,30309,9,9,CONNECTED_NORMALLY,5,4
500,10.5289,16,-1.23688,-34.9719,514.36,429.091,0,30309,9,9,CONNECTED_NORMALLY,5,4
501,10.55,16,-1.23688,-34.9719,514.334,428.353,0,30309,9,9,CONNECTED_NORMALLY,5,4
502,10.5711,16,-5.66024,32.6261,514.242,428.628,0,30309,9,9,CONNECTED_NORMALLY,5,4
503,10.5922,16,-31.8888,-6.54583,513.968,429.086,0,30309,9,9,CONNECTED_NORMALLY,5,4
504,10.6133,16,-31.8888,-6.54583,513.295,428.948,0,30309,9,9,CONNECTED_NORMALLY,5,4
505,10.6344,16,19.7129,-33.9829,513.518,428.334,0,30309,9,9,CONNECTED_NORMALLY,5,4
506,10.6555,16,27.5857,-8.17143,514.036,427.952,0,30309,9,9,CONNECTED_NORMALLY,5,4
507,10.6766,16,27.5857,-8.17143,514.618,427.78,0,30309,9,9,CONNECTED_NORMALLY,5,4
508,10.6977,16,39.7624,-9.51502,515.449,427.58,0,30309,9,9,CONNECTED_NORMALLY,5,4
509,10.7188,16,38.1975,-14.0171,516.262,427.302,0,30309,9,9,CONNECTED_NORMALLY,5,4
510,10.7399,16,-35.0802,26.8673,516.07,427.563,0,30309,9,9,CONNECTED_NORMALLY,5,4
511,10.761,16,11.151,33.5541,515.888,428.211,0,30309,9,9,CONNECTED_NORMALLY,5,4
512,10.7821,16,3.76343,46.6189,516.088,428.983,0,30309,9,9,CONNECTED_NORMALLY,5,4
513,10.8032,16,-16.0755,-17.9275,516.075,429.668,0,30309,9,9,CONNECTED_NORMALLY,5,4
514,10.8243,16,-16.0755,-17.9275,515.736,429.29,0,30309,9,9,CONNECTED_NORMALLY,5,4
515,10.8454,16,-28.7176,-14.2725,515.33,428.931,0,30309,9,9,CONNECTED_NORMALLY,5,4
516,10.8665,16,-28.7176,-14.2725,514.724,428.63,0,30309,9,9,CONNECTED_NORMALLY,5,4
517,10.8876,16,-25.3287,-40.5023,514.174,427.901,0,30309,9,9,CONNECTED_NORMALLY,5,4
518,10.9087,16,-28.5077,-24.179,513.587,427.315,0,30309,9,9,CONNECTED_NORMALLY,5,4
519,10.9298,16,-25.7326,-14.8239,513.015,426.906,0,30309,9,9,CONNECTED_NORMALLY,5,4
520,10.9509,16,-25.7326,-14.8239,512.472,426.594,0,30309,9,9,CONNECTED_NORMALLY,5,4
521,10.972,16,-0.697305,20.9897,512.414,426.974,0,30309,9,9,CONNECTED_NORMALLY,5,4
522,10.9931,16,-0.697305,20.9897,512.399,427.416,0,30309,9,9,CONNECTED_NORMALLY,5,4
523,11.0142,16,-38.6194,14.9506,511.856,427.775,0,30309,9,9,CONNECTED_NORMALLY,5,4
524,11.0353,16,15.373,16.7391,511.629,428.11,0,30309,9,9,CONNECTED_NORMALLY,5,4
525,11.0564,16,15.373,16.7391,511.953,428.463,0,30309,9,9,CONNECTED_NORMALLY,5,4
526,11.0775,16,13.6898,-40.1788,512.262,428.3,0,30309,9,9,CONNECTED_NORMALLY,5,4
527,11.0986,16,18.3675,-40.5536,512.582,427.449,0,30309,9,9,CONNECTED_NORMALLY,5,4
528,11.1197,16,3.80313,25.0452,512.893,426.939,0,30309,9,9,CONNECTED_NORMALLY,5,4
529,11.1408,16,3.80313,25.0452,512.973,427.467,0,30309,9,9,CONNECTED_NORMALLY,5,4
530,11.1619,16,-22.1787,14.9869,512.846,427.915,0,30309,9,9,CONNECTED_NORMALLY,5,4
531,11.183,16,-22.1787,14.9869,512.378,428.232,0,30309,9,9,CONNECTED_NORMALLY,5,4
532,11.2041,16,-29.4829,-39.7926,511.816,427.845,0,30309,9,9,CONNECTED_NORMALLY,5,4
533,11.2252,16,-40.3864,-6.94962,511.044,427.457,0,30309,9,9,CONNECTED_NORMALLY,5,4
534,11.2463,16,-5.55818,20.291,510.556,427.594,0,30309,9,9,CONNECTED_NORMALLY,5,4
535,11.2674,16,-5.55818,20.291,510.438,428.022,0,30309,9,9,CONNECTED_NORMALLY,5,4
536,11.2885,16,-49.8156,-1.87187,510.095,428.337,0,30309,9,9,CONNECTED_NORMALLY,5,4
537,11.3096,16,-17.9512,-18.2417,509.24,428.197,0,30309,9,9,CONNECTED_NORMALLY,5,4
538,11.3307,16,-17.9512,-18.2417,508.861,427.812,0,30309,9,9,CONNECTED_NORMALLY,5,4
539,11.3518,16,36.0648,-1.36825,508.983,427.584,0,30309,9,9,CONNECTED_NORMALLY,5,4
540,11.3729,16,21.5012,-27.0593,509.705,427.487,0,30309,9,9,CONNECTED_NORMALLY,5,4
541,11.394,16,21.5012,-27.0593,510.159,426.916,0,30309,9,9,CONNECTED_NORMALLY,5,4
542,11.4151,16,17.6057,-41.3053,510.551,426.118,0,30309,9,9,CONNECTED_NORMALLY,5,4
543,11.4362,16,-41.1051,2.16764,510.056,425.888,0,30309,9,9,CONNECTED_NORMALLY,5,4
544,11.4573,16,43.9377,-1.33352,510.172,425.893,0,30309,9,9,CONNECTED_NORMALLY,5,4
545,11.4784,16,17.3726,-22.7045,510.835,425.653,0,30309,9,9,CONNECTED_NORMALLY,5,4
546,11.4995,16,17.3726,-22.7045,511.202,425.174,0,30309,9,9,CONNECTED_NORMALLY,5,4
547,11.5206,16,27.7965,24.0512,511.747,425.496,0,30309,9,9,CONNECTED_NORMALLY,5,4
548,11.5417,16,9.73407,-23.4118,512.134,425.48,0,30309,9,9,CONNECTED_NORMALLY,5,4
549,11.5628,16,9.73407,-23.4118,512.34,424.986,0,30309,9,9,CONNECTED_NORMALLY,5,4
550,11.5839,16,-13.1038,17.2743,512.23,425.053,0,30309,9,9,CONNECTED_NORMALLY,5,4
551,11.605,16,-13.1038,17.2743,511.954,425.418,0,30309,9,9,CONNECTED_NORMALLY,5,4
552,11.6261,16,-28.7497,-11.8667,511.523,425.495,0,30309,9,9,CONNECTED_NORMALLY,5,4
553,11.6472,16,-28.7497,-11.8667,510.916,425.244,0,30309,9,9,CONNECTED_NORMALLY,5,4
554,11.6683,16,32.657,-25.0898,511.533,424.731,0,30309,9,9,CONNECTED_NORMALLY,5,4
555,11.6894,16,37.146,19.3235,512.297,424.944,0,30309,9,9,CONNECTED_NORMALLY,5,4
556,11.7105,16,8.2344,21.8518,512.677,425.387,0,30309,9,9,CONNECTED_NORMALLY,5,4
557,11.7316,16,8.2344,21.8518,512.851,425.848,0,30309,9,9,CONNECTED_NORMALLY,5,4
558,11.7527,16,31.9268,-16.6977,513.34,425.796,0,30309,9,9,CONNECTED_NORMALLY,5,4
559,11.7738,16,-7.89017,32.8351,513.748,425.774,0,30309,9,9,CONNECTED_NORMALLY,5,4
560,11.7949,16,-7.89017,32.8351,513.582,426.467,0,30309,9,9,CONNECTED_NORMALLY,5,4
561,11.816,16,21.9672,-44.037,513.991,425.679,0,30309,9,9,CONNECTED_NORMALLY,5,4
562,11.8371,16,24.1643,-22.7292,514.498,425.177,0,30309,9,9,CONNECTED_NORMALLY,5,4
563,11.8582,16,2.11886,-32.0568,514.766,424.595,0,30309,9,9,CONNECTED_NORMALLY,5,4
564,11.8793,16,-12.2743,-16.1752,514.796,423.934,0,30309,9,9,CONNECTED_NORMALLY,5,4
565,11.9004,16,-12.2743,-16.1752,514.537,423.592,0,30309,9,9,CONNECTED_NORMALLY,5,4
566,11.9215,16,-12.2743,-16.1752,514.278,423.251,0,30309,9,9,CONNECTED_NORMALLY,5,4
567,11.9426,16,-34.8991,26.9022,513.68,423.557,0,30309,9,9,CONNECTED_NORMALLY,5,4
568,11.9637,16,19.0465,-33.9927,513.667,423.307,0,30309,9,9,CONNECTED_NORMALLY,5,4
569,11.9848,16,-16.296,-24.2776,513.756,422.676,0,30309,9,9,CONNECTED_NORMALLY,5,4
570,12.0059,16,-16.296,-24.2776,513.412,422.163,0,30309,9,9,CONNECTED_NORMALLY,5,4
571,12.027,16,-43.1648,3.028,512.615,422.112,0,30309,9,9,CONNECTED_NORMALLY,5,4
572,12.0481,16,43.5673,-23.3038,512.993,421.784,0,30309,9,9,CONNECTED_NORMALLY,5,4
573,12.0692,16,-41.4334,6.98742,512.576,421.769,0,30309,9,9,CONNECTED_NORMALLY,5,4
574,12.0903,16,7.61103,-18.8248,512.34,421.58,0,30309,9,9,CONNECTED_NORMALLY,5,4
575,12.1114,16,7.61103,-18.8248,512.501,421.183,0,30309,9,9,CONNECTED_NORMALLY,5,4
576,12.1325,16,24.7121,23.211,512.764,421.036,0,30309,9,9,CONNECTED_NORMALLY,5,4
577,12.1536,16,24.7121,23.211,513.285,421.526,0,30309,9,9,CONNECTED_NORMALLY,5,4
578,12.1747,16,5.66508,37.4586,513.451,422.282,0,30309,9,9,CONNECTED_NORMALLY,5,4
579,12.1958,16,20.4679,2.39057,513.768,422.603,0,30309,9,9,CONNECTED_NORMALLY,5,4
580,12.2169,16,20.4679,2.39057,514.2,422.654,0,30309,9,9,CONNECTED_NORMALLY,5,4
581,12.238,16,39.2513,3.89934,514.764,422.715,0,30309,9,9,CONNECTED_NORMALLY,5,4
582,12.2591,16,28.3116,-24.6965,515.562,422.717,0,30309,9,9,CONNECTED_NORMALLY,5,4
583,12.2802,16,28.3116,-24.6965,516.159,422.196,0,30309,9,9,CONNECTED_NORMALLY,5,4
584,12.3013,16,27.1254,29.7649,516.735,422.676,0,30309,9,9,CONNECTED_NORMALLY,5,4
585,12.3224,16,23.8486,0.239371,517.259,422.872,0,30309,9,9,CONNECTED_NORMALLY,5,4
586,12.3435,16,23.8486,0.239371,517.763,422.877,0,30309,9,9,CONNECTED_NORMALLY,5,4
587,12.3646,16,34.4763,23.1749,518.424,423.224,0,30309,9,9,CONNECTED_NORMALLY,5,4
588,12.3857,16,-44.9201,10.2279,518.204,423.558,0,30309,9,9,CONNECTED_NORMALLY,5,4
589,12.4068,16,-46.1982,-16.6556,517.241,423.469,0,30309,9,9,CONNECTED_NORMALLY,5,4
590,12.4279,16,8.6519,29.5194,516.929,423.675,0,30309,9,9,CONNECTED_NORMALLY,5,4
591,12.449,16,-22.1417,13.597,517.091,424.287,0,30309,9,9,CONNECTED_NORMALLY,5,4
592,12.4701,16,-22.1417,13.597,516.624,424.574,0,30309,9,9,CONNECTED_NORMALLY,5,4
593,12.4912,16,-19.0544,16.3091,516.17,424.873,0,30309,9,9,CONNECTED_NORMALLY,5,4
594,12.5123,16,-19.0544,16.3091,515.768,425.217,0,30309,9,9,CONNECTED_NORMALLY,5,4
595,12.5334,16,-23.0948,25.6872,515.339,425.624,0,30309,9,9,CONNECTED_NORMALLY,5,4
596,12.5545,16,-23.0948,25.6872,514.851,426.166,0,30309,9,9,CONNECTED_NORMALLY,5,4
597,12.5756,16,27.3467,8.81657,515.371,426.372,0,30309,9,9,CONNECTED_NORMALLY,5,4
598,12.5967,16,37.4361,-10.2927,516.011,426.438,0,30309,9,9,CONNECTED_NORMALLY,5,4
599,12.6178,16,28.242,-25.9118,516.786,426.196,0,30309,9,9,CONNECTED_NORMALLY,5,4
600,12.6389,16,28.242,-25.9118,517.382,425.649,0,30309,9,9,CONNECTED_NORMALLY,5,4
601,12.66,16,8.36454,40.491,517.626,426.278,0,30309,9,9,CONNECTED_NORMALLY,5,4
602,12.6811,16,21.7908,13.1432,517.999,426.733,0,30309,9,9,CONNECTED_NORMALLY,5,4
603,12.7022,16,21.7908,13.1432,518.459,427.01,0,30309,9,9,CONNECTED_NORMALLY,5,4
604,12.7233,16,2.98339,35.1405,518.589,427.673,0,30309,9,9,CONNECTED_NORMALLY,5,4
605,12.7444,16,9.28443,20.5201,518.716,428.264,0,30309,9,9,CONNECTED_NORMALLY,5,4
606,12.7655,16,9.28443,20.5201,518.912,428.697,0,30309,9,9,CONNECTED_NORMALLY,5,4
607,12.7866,16,-13.6208,17.5998,518.923,429.107,0,30309,9,9,CONNECTED_NORMALLY,5,4
608,12.8077,16,-13.6208,17.5998,518.636,429.478,0,30309,9,9,CONNECTED_NORMALLY,5,4
609,12.8288,16,-29.3847,-33.0482,518.264,429.579,0,30309,9,9,CONNECTED_NORMALLY,5,4
610,12.8499,16,-26.005,25.4521,517.657,429.105,0,30309,9,9,CONNECTED_NORMALLY,5,4
611,12.871,16,-26.005,25.4521,517.109,429.642,0,30309,9,9,CONNECTED_NORMALLY,5,4
612,12.8921,16,25.1334,-33.0864,517.508,429.094,0,30309,9,9,CONNECTED_NORMALLY,5,4
613,12.9132,16,-31.568,-24.1219,517.155,428.536,0,30309,9,9,CONNECTED_NORMALLY,5,4
614,12.9343,16,28.0612,-30.2796,517.175,427.956,0,30309,9,9,CONNECTED_NORMALLY,5,4
615,12.9554,16,-30.9491,30.3578,517.273,427.825,0,30309,9,9,CONNECTED_NORMALLY,5,4
616,12.9765,16,18.7459,-28.1645,516.939,428.09,0,30309,9,9,CONNECTED_NORMALLY,5,4
617,12.9976,16,18.7459,-28.1645,517.334,427.496,0,30309,9,9,CONNECTED_NORMALLY,5,4
618,13.0187,16,-12.3262,-30.2849,517.137,426.861,0,30309,9,9,CONNECTED_NORMALLY,5,4
619,13.0398,16,44.2244,3.09025,517.419,426.542,0,30309,9,9,CONNECTED_NORMALLY,5,4
620,13.0609,16,-26.3938,-23.4098,517.779,426.392,0,30309,9,9,CONNECTED_NORMALLY,5,4
621,13.082,16,-37.4152,-23.8986,517.212,425.898,0,30309,9,9,CONNECTED_NORMALLY,5,4
622,13.1031,16,-37.4152,-23.8986,516.423,425.393,0,30309,9,9,CONNECTED_NORMALLY,5,4
623,13.1242,16,4.46018,-29.3448,516.494,424.777,0,30309,9,9,CONNECTED_NORMALLY,5,4
624,13.1453,16,2.89467,31.8905,516.575,424.645,0,30309,9,9,CONNECTED_NORMALLY,5,4
625,13.1664,16,2.89467,31.8905,516.636,425.318,0,30309,9,9,CONNECTED_NORMALLY,5,4
626,13.1875,16,28.0199,25.2303,517.173,425.865,0,30309,9,9,CONNECTED_NORMALLY,5,4
627,13.2086,16,42.7222,2.41834,517.963,426.089,0,30309,9,9,CONNECTED_NORMALLY,5,4
628,13.2297,16,26.4044,20.5641,518.681,426.344,0,30309,9,9,CONNECTED_NORMALLY,5,4
629,13.2508,16,40.2326,20.7602,519.272,426.778,0,30309,9,9,CONNECTED_NORMALLY,5,4
630,13.2719,16,31.2259,36.5723,520.108,427.24,0,30309,9,9,CONNECTED_NORMALLY,5,4
631,13.293,16,16.8383,13.4166,520.741,427.97,0,30309,9,9,CONNECTED_NORMALLY,5,4
632,13.3141,16,16.8383,13.4166,521.096,428.253,0,30309,9,9,CONNECTED_NORMALLY,5,4
633,13.3352,16,16.8383,13.4166,521.452,428.536,0,30309,9,9,CONNECTED_NORMALLY,5,4
634,13.3563,16,-29.9945,26.4616,520.935,429.063,0,30309,9,9,CONNECTED_NORMALLY,5,4
635,13.3774,16,-12.0955,20.2011,520.565,429.529,0,30309,9,9,CONNECTED_NORMALLY,5,4
636,13.3985,16,-12.0955,20.2011,520.31,429.955,0,30309,9,9,CONNECTED_NORMALLY,5,4
637,13.4196,16,18.6905,-20.1274,520.5,429.798,0,30309,9,9,CONNECTED_NORMALLY,5,4
638,13.4407,16,18.6905,-20.1274,520.894,429.374,0,30309,9,9,CONNECTED_NORMALLY,5,4
639,13.4618,16,36.9798,1.1756,521.659,429.38,0,30309,9,9,CONNECTED_NORMALLY,5,4
640,13.4829,16,-34.1091,1.15686,521.421,429.405,0,30309,9,9,CONNECTED_NORMALLY,5,4
641,13.504,16,8.76121,-36.0576,520.964,429.201,0,30309,9,9,CONNECTED_NORMALLY,5,4
642,13.5251,16,20.169,30.4057,521.152,428.459,0,30309,9,9,CONNECTED_NORMALLY,5,4
643,13.5462,16,20.169,30.4057,521.577,429.1,0,30309,9,9,CONNECTED_NORMALLY,5,4
644,13.5673,16,-23.4218,-14.3731,521.346,429.067,0,30309,9,9,CONNECTED_NORMALLY,5,4
645,13.5884,16,-23.4218,-14.3731,520.852,428.764,0,30309,9,9,CONNECTED_NORMALLY,5,4
646,13.6095,16,43.1471,19.1528,521.747,429.16,0,30309,9,9,CONNECTED_NORMALLY,5,4
647,13.6306,16,19.2478,11.1325,522.161,429.398,0,30309,9,9,CONNECTED_NORMALLY,5,4
648,13.6517,16,19.2478,11.1325,522.567,429.633,0,30309,9,9,CONNECTED_NORMALLY,5,4
649,13.6728,16,-34.5279,-13.5743,522.004,429.422,0,30309,9,9,CONNECTED_NORMALLY,5,4
650,13.6939,16,8.25745,-24.4904,521.796,429.003,0,30309,9,9,CONNECTED_NORMALLY,5,4
651,13.715,16,8.25745,-24.4904,521.97,428.487,0,30309,9,9,CONNECTED_NORMALLY,5,4
652,13.7361,16,17.8603,-9.05245,522.295,428.212,0,30309,9,9,CONNECTED_NORMALLY,5,4
653,13.7572,16,17.8603,-9.05245,522.672,428.021,0,30309,9,9,CONNECTED_NORMALLY,5,4
654,13.7783,16,33.4631,-31.5255,523.173,427.652,0,30309,9,9,CONNECTED_NORMALLY,5,4
655,13.7994,16,20.7046,12.0423,523.786,427.303,0,30309,9,9,CONNECTED_NORMALLY,5,4
656,13.8205,16,20.7046,12.0423,524.223,427.557,0,30309,9,9,CONNECTED_NORMALLY,5,4
657,13.8416,16,28.8627,2.95658,524.723,427.741,0,30309,9,9,CONNECTED_NORMALLY,5,4
658,13.8627,16,28.8627,2.95658,525.332,427.804,0,30309,9,9,CONNECTED_NORMALLY,5,4
659,13.8838,16,-40.7523,-14.9306,524.864,427.59,0,30309,9,9,CONNECTED_NORMALLY,5,4
660,13.9049,16,46.5012,4.39076,525.184,427.536,0,30309,9,9,CONNECTED_NORMALLY,5,4
661,13.926,16,-6.21987,-39.4126,525.469,427.05,0,30309,9,9,CONNECTED_NORMALLY,5,4
662,13.9471,16,-10.6465,-19.8892,525.297,426.399,0,30309,9,9,CONNECTED_NORMALLY,5,4
663,13.9682,16,-10.6465,-19.8892,525.072,425.979,0,30309,9,9,CONNECTED_NORMALLY,5,4
664,13.9893,16,21.7512,12.3781,525.078,425.789,0,30309,9,9,CONNECTED_NORMALLY,5,4
665,14.0104,16,21.7512,12.3781,525.537,426.05,0,30309,9,9,CONNECTED_NORMALLY,5,4
666,14.0315,16,35.5307,33.7128,526.125,426.511,0,30309,9,9,CONNECTED_NORMALLY,5,4
667,14.0526,16,11.9171,-16.6344,526.637,426.717,0,30309,9,9,CONNECTED_NORMALLY,5,4
668,14.0737,16,11.9171,-16.6344,526.889,426.366,0,30309,9,9,CONNECTED_NORMALLY,5,4
669,14.0948,16,-8.85073,-42.9204,527.07,425.926,0,30309,9,9,CONNECTED_NORMALLY,5,4
670,14.1159,16,20.5888,7.90391,526.932,425.105,0,30309,9,9,CONNECTED_NORMALLY,5,4
671,14.137,16,20.5888,7.90391,527.367,425.271,0,30309,9,9,CONNECTED_NORMALLY,5,4
672,14.1581,16,20.5888,7.90391,527.801,425.438,0,30309,9,9,CONNECTED_NORMALLY,5,4
673,14.1792,16,36.5972,10.9743,528.549,425.665,0,30309,9,9,CONNECTED_NORMALLY,5,4
674,14.2003,16,36.2655,-11.3225,529.317,425.573,0,30309,9,9,CONNECTED_NORMALLY,5,4
675,14.2214,16,33.9644,-26.179,530.061,425.195,0,30309,9,9,CONNECTED_NORMALLY,5,4
676,14.2425,16,23.4528,21.2012,530.703,424.979,0,30309,9,9,CONNECTED_NORMALLY,5,4
677,14.2636,16,23.4528,21.2012,531.197,425.427,0,30309,9,9,CONNECTED_NORMALLY,5,4
678,14.2847,16,-13.3983,22.1652,531.041,425.891,0,30309,9,9,CONNECTED_NORMALLY,5,4
679,14.3058,16,2.76653,-23.2839,530.761,426.351,0,30309,9,9,CONNECTED_NORMALLY,5,4
680,14.3269,16,2.76653,-23.2839,530.819,425.86,0,30309,9,9,CONNECTED_NORMALLY,5,4
681,14.348,16,2.76653,-23.2839,530.878,425.369,0,30309,9,9,CONNECTED_NORMALLY,5,4
682,14.3691,16,4.04919,-23.5225,530.963,424.873,0,30309,9,9,CONNECTED_NORMALLY,5,4
683,14.3902,16,-32.8367,-6.082,531.048,424.377,0,30309,9,9,CONNECTED_NORMALLY,5,4
684,14.4113,16,-32.8367,-6.082,530.355,424.248,0,30309,9,9,CONNECTED_NORMALLY,5,4
685,14.4324,16,44.0915,-3.87044,530.606,424.147,0,30309,9,9,CONNECTED_NORMALLY,5,4
686,14.4535,16,1.92897,23.0942,531.082,424.356,0,30309,9,9,CONNECTED_NORMALLY,5,4
687,14.4746,16,1.92897,23.0942,531.123,424.843,0,30309,9,9,CONNECTED_NORMALLY,5,4
688,14.4957,16,-24.3206,6.12911,530.905,425.164,0,30309,9,9,CONNECTED_NORMALLY,5,4
689,14.5168,16,-24.3206,6.12911,530.392,425.293,0,30309,9,9,CONNECTED_NORMALLY,5,4
690,14.5379,16,-26.423,13.3987,529.853,425.511,0,30309,9,9,CONNECTED_NORMALLY,5,4
691,14.559,16,-26.423,13.3987,529.296,425.794,0,30309,9,9,CONNECTED_NORMALLY,5,4
692,14.5801,16,-39.1987,-16.1558,528.475,425.467,0,30309,9,9,CONNECTED_NORMALLY,5,4
693,14.6012,16,-13.3023,17.5322,528.117,425.737,0,30309,9,9,CONNECTED_NORMALLY,5,4
694,14.6223,16,-13.3023,17.5322,527.837,426.107,0,30309,9,9,CONNECTED_NORMALLY,5,4
695,14.6434,16,19.7266,-4.95368,528.047,426.142,0,30309,9,9,CONNECTED_NORMALLY,5,4
696,14.6645,16,19.7266,-4.95368,528.464,426.038,0,30309,9,9,CONNECTED_NORMALLY,5,4
697,14.6856,16,-6.7229,41.6308,528.671,426.302,0,30309,9,9,CONNECTED_NORMALLY,5,4
698,14.7067,16,42.3518,-26.4752,528.789,426.819,0,30309,9,9,CONNECTED_NORMALLY,5,4
699,14.7278,16,-14.9576,-25.2249,529.317,426.269,0,30309,9,9,CONNECTED_NORMALLY,5,4
700,14.7489,16,-14.9576,-25.2249,529.001,425.736,0,30309,9,9,CONNECTED_NORMALLY,5,4
701,14.77,16,29.2042,-34.532,529.325,425.069,0,30309,9,9,CONNECTED_NORMALLY,5,4
702,14.7911,16,-39.6451,9.73722,529.014,424.937,0,30309,9,9,CONNECTED_NORMALLY,5,4
703,14.8122,16,44.8185,-17.4705,529.028,424.868,0,30309,9,9,CONNECTED_NORMALLY,5,4
704,14.8333,16,19.5362,5.38363,529.711,424.737,0,30309,9,9,CONNECTED_NORMALLY,5,4
705,14.8544,16,19.5362,5.38363,530.124,424.85,0,30309,9,9,CONNECTED_NORMALLY,5,4
706,14.8755,16,34.8024,20.5438,530.585,425.013,0,30309,9,9,CONNECTED_NORMALLY,5,4
707,14.8966,16,34.8024,20.5438,531.319,425.447,0,30309,9,9,CONNECTED_NORMALLY,5,4
708,14.9177,16,-8.4582,24.0592,531.159,425.953,0,30309,9,9,CONNECTED_NORMALLY,5,4
709,14.9388,16,-34.1351,15.6838,530.914,426.439,0,30309,9,9,CONNECTED_NORMALLY,5,4
710,14.9599,16,-34.1351,15.6838,530.194,426.77,0,30309,9,9,CONNECTED_NORMALLY,5,4
711,14.981,16,44.3885,-18.6925,530.899,426.477,0,30309,9,9,CONNECTED_NORMALLY,5,4
712,15.0021,16,18.3533,-25.1211,531.354,425.963,0,30309,9,9,CONNECTED_NORMALLY,5,4
713,15.0232,16,-16.2937,27.3004,531.484,425.824,0,30309,9,9,CONNECTED_NORMALLY,5,4
714,15.0443,16,-16.2937,27.3004,531.14,426.4,0,30309,9,9,CONNECTED_NORMALLY,5,4
715,15.0654,16,-7.5631,39.2906,530.955,427.194,0,30309,9,9,CONNECTED_NORMALLY,5,4
716,15.0865,16,25.5491,-4.982,531.269,427.39,0,30309,9,9,CONNECTED_NORMALLY,5,4
717,15.1076,16,25.5491,-4.982,531.808,427.285,0,30309,9,9,CONNECTED_NORMALLY,5,4
718,15.1287,16,-37.2238,25.3568,531.212,427.728,0,30309,9,9,CONNECTED_NORMALLY,5,4
719,15.1498,16,20.5221,38.4703,531.407,428.486,0,30309,9,9,CONNECTED_NORMALLY,5,4
720,15.1709,16,-29.8855,-1.01666,531.076,428.7,0,30309,9,9,CONNECTED_NORMALLY,5,4
721,15.192,16,-14.1806,28.1503,530.49,428.76,0,30309,9,9,CONNECTED_NORMALLY,5,4
722,15.2131,16,-14.1806,28.1503,530.191,429.354,0,30309,9,9,CONNECTED_NORMALLY,5,4
723,15.2342,16,8.75123,36.496,530.196,430.059,0,30309,9,9,CONNECTED_NORMALLY,5,4
724,15.2553,16,26.1296,5.70536,530.515,430.591,0,30309,9,9,CONNECTED_NORMALLY,5,4
725,15.2764,16,26.1296,5.70536,531.067,430.711,0,30309,9,9,CONNECTED_NORMALLY,5,4
726,15.2975,16,-30.3502,-0.301571,530.909,430.756,0,30309,9,9,CONNECTED_NORMALLY,5,4
727,15.3186,16,-37.0828,24.9896,530.264,430.767,0,30309,9,9,CONNECTED_NORMALLY,5,4
728,15.3397,16,-37.0828,24.9896,529.482,431.295,0,30309,9,9,CONNECTED_NORMALLY,5,4
729,15.3608,16,31.399,18.7231,530.106,431.693,0,30309,9,9,CONNECTED_NORMALLY,5,4
730,15.3819,16,7.34162,45.5777,530.425,432.472,0,30309,9,9,CONNECTED_NORMALLY,5,4
731,15.403,16,-24.9844,15.8802,530.136,433.026,0,30309,9,9,CONNECTED_NORMALLY,5,4
732,15.4241,16,20.7991,7.63363,529.656,433.352,0,30309,9,9,CONNECTED_NORMALLY,5,4
733,15.4452,16,20.7991,7.63363,530.095,433.514,0,30309,9,9,CONNECTED_NORMALLY,5,4
734,15.4663,16,20.7991,7.63363,530.534,433.675,0,30309,9,9,CONNECTED_NORMALLY,5,4
735,15.4874,16,47.6996,-12.7536,531.49,433.444,0,30309,9,9,CONNECTED_NORMALLY,5,4
736,15.5085,16,13.4084,31.9326,531.808,434.071,0,30309,9,9,CONNECTED_NORMALLY,5,4
737,15.5296,16,13.8439,-20.8813,532.097,434.096,0,30309,9,9,CONNECTED_NORMALLY,5,4
738,15.5507,16,13.8439,-20.8813,532.389,433.656,0,30309,9,9,CONNECTED_NORMALLY,5,4
739,15.5718,16,46.7239,15.9287,533.16,433.751,0,30309,9,9,CONNECTED_NORMALLY,5,4
740,15.5929,16,-33.6537,-22.4462,532.907,433.496,0,30309,9,9,CONNECTED_NORMALLY,5,4
741,15.614,16,6.36159,22.9635,532.669,433.558,0,30309,9,9,CONNECTED_NORMALLY,5,4
742,15.6351,16,6.36159,22.9635,532.803,434.042,0,30309,9,9,CONNECTED_NORMALLY,5,4
743,15.6562,16,35.5193,-25.0255,533.288,433.95,0,30309,9,9,CONNECTED_NORMALLY,5,4
744,15.6773,16,-22.7675,-25.5379,533.448,433.417,0,30309,9,9,CONNECTED_NORMALLY,5,4
745,15.6984,16,26.2501,-38.7219,533.065,432.852,0,30309,9,9,CONNECTED_NORMALLY,5,4
746,15.7195,16,-25.6474,-6.82981,533.53,432.089,0,30309,9,9,CONNECTED_NORMALLY,5,4
747,15.7406,16,-25.6474,-6.82981,532.989,431.945,0,30309,9,9,CONNECTED_NORMALLY,5,4
748,15.7617,16,-42.1063,14.8266,532.345,431.936,0,30309,9,9,CONNECTED_NORMALLY,5,4
749,15.7828,16,-8.36272,18.9233,531.623,432.269,0,30309,9,9,CONNECTED_NORMALLY,5,4
750,15.8039,16,-8.36272,18.9233,531.447,432.668,0,30309,9,9,CONNECTED_NORMALLY,5,4
751,15.825,16,-8.36272,18.9233,531.27,433.067,0,30309,9,9,CONNECTED_NORMALLY,5,4
752,15.8461,16,8.47705,44.6696,531.429,433.979,0,30309,9,9,CONNECTED_NORMALLY,5,4
753,15.8672,16,38.9056,-13.9912,532.186,433.807,0,30309,9,9,CONNECTED_NORMALLY,5,4
754,15.8883,16,4.31184,-22.7783,532.456,433.372,0,30309,9,9,CONNECTED_NORMALLY,5,4
755,15.9094,16,4.31184,-22.7783,532.547,432.891,0,30309,9,9,CONNECTED_NORMALLY,3,4
756,15.9305,16,30.3211,1.06316,533.028,432.768,0,30309,9,9,CONNECTED_NORMALLY,3,4
757,15.9516,16,-20.8989,0.3593,533.508,432.788,0,30309,9,9,CONNECTED_NORMALLY,3,4
758,15.9727,16,-20.8989,0.3593,533.067,432.795,0,30309,9,9,CONNECTED_NORMALLY,3,4
759,15.9938,16,-20.8989,0.3593,532.626,432.803,0,30309,9,9,CONNECTED_NORMALLY,3,4
760,16.0149,16,14.467,14.0887,532.842,433.066,0,30309,9,9,CONNECTED_NORMALLY,3,4
761,16.036,16,14.467,14.0887,533.147,433.363,0,30309,9,9,CONNECTED_NORMALLY,3,4
762,16.0571,16,-39.1567,10.0524,532.849,433.615,0,30309,9,9,CONNECTED_NORMALLY,3,4
763,16.0782,16,7.61032,36.3415,532.379,434.027,0,30309,9,9,CONNECTED_NORMALLY,3,4
764,16.0993,16,17.9551,17.4518,532.558,434.76,0,30309,9,9,CONNECTED_NORMALLY,3,4
765,16.1204,16,17.9551,17.4518,532.937,435.128,0,30309,9,9,CONNECTED_NORMALLY,3,4
766,16.1415,16,31.218,-16.1935,533.369,435.36,0,30309,9,9,CONNECTED_NORMALLY,3,4
767,16.1626,16,31.218,-16.1935,534.028,435.019,0,30309,9,9,CONNECTED_NORMALLY,3,4
768,16.1837,16,-45.5677,-12.8415,533.319,434.737,0,30309,9,9,CONNECTED_NORMALLY,3,4
769,16.2048,16,5.54141,49.1079,533.267,435.568,0,30309,9,9,CONNECTED_NORMALLY,3,4
770,16.2259,16,-11.1034,-19.0509,533.073,435.333,0,30309,9,9,CONNECTED_NORMALLY,3,4
771,16.247,16,-11.1034,-19.0509,532.839,434.931,0,30309,9,9,CONNECTED_NORMALLY,3,4
772,16.2681,16,-7.11243,-43.0984,532.667,434.156,0,30309,9,9,CONNECTED_NORMALLY,3,4
773,16.2892,16,-27.8991,34.9417,532.232,434.316,0,30309,9,9,CONNECTED_NORMALLY,3,4
774,16.3103,16,42.067,4.77932,532.513,434.678,0,30309,9,9,CONNECTED_NORMALLY,3,4
775,16.3314,16,-27.4659,7.12169,532.711,434.802,0,30309,9,9,CONNECTED_NORMALLY,3,4
776,16.3525,16,-27.4659,7.12169,532.132,434.953,0,30309,9,9,CONNECTED_NORMALLY,3,4
777,16.3736,16,46.9837,-8.40657,532.809,434.841,0,30309,9,9,CONNECTED_NORMALLY,3,4
778,16.3947,16,26.931,-7.04776,533.459,434.687,0,30309,9,9,CONNECTED_NORMALLY,3,4
779,16.4158,16,-17.2921,-10.4985,533.929,434.53,0,30309,9,9,CONNECTED_NORMALLY,3,4
780,16.4369,16,-17.2921,-10.4985,533.564,434.309,0,30309,9,9,CONNECTED_NORMALLY,3,4
781,16.458,16,-17.2921,-10.4985,533.2,434.087,0,30309,9,9,CONNECTED_NORMALLY,3,4
782,16.4791,16,-48.2339,0.534412,532.337,434.043,0,30309,9,9,CONNECTED_NORMALLY,3,4
783,16.5002,16,-24.5093,-3.91591,531.71,433.981,0,30309,9,9,CONNECTED_NORMALLY,3,4
784,16.5213,16,-24.5093,-3.91591,531.193,433.898,0,30309,9,9,CONNECTED_NORMALLY,3,4
785,16.5424,16,-33.5336,-9.28915,530.51,433.717,0,30309,9,9,CONNECTED_NORMALLY,3,4
786,16.5635,16,16.5771,-36.6637,530.339,433.228,0,30309,9,9,CONNECTED_NORMALLY,3,4
787,16.5846,16,-39.2344,24.0902,530.3,432.877,0,30309,9,9,CONNECTED_NORMALLY,3,4
788,16.6057,16,-18.6594,-36.5054,529.603,433.001,0,30309,9,9,CONNECTED_NORMALLY,3,4
789,16.6268,16,-40.0709,27.5537,529.144,432.426,0,30309,9,9,CONNECTED_NORMALLY,3,4
790,16.6479,16,-33.539,-35.86,528.322,432.78,0,30309,9,9,CONNECTED_NORMALLY,3,4
791,16.669,16,-18.7166,-22.2076,527.678,432.083,0,30309,9,9,CONNECTED_NORMALLY,3,4
792,16.6901,16,-18.7166,-22.2076,527.283,431.614,0,30309,9,9,CONNECTED_NORMALLY,3,4
793,16.7112,16,22.6971,-6.8609,527.389,431.331,0,30309,9,9,CONNECTED_NORMALLY,3,4
794,16.7323,16,22.6971,-6.8609,527.868,431.186,0,30309,9,9,CONNECTED_NORMALLY,3,4
795,16.7534,16,-34.6589,31.347,527.652,431.504,0,30309,9,9,CONNECTED_NORMALLY,3,4
796,16.7745,16,-23.7723,-11.8662,527.049,431.655,0,30309,9,9,CONNECTED_NORMALLY,3,4
797,16.7956,16,-23.7723,-11.8662,526.548,431.405,0,30309,9,9,CONNECTED_NORMALLY,3,4
798,16.8167,16,16.8948,-11.2116,526.712,431.165,0,30309,9,9,CONNECTED_NORMALLY,3,4
799,16.8378,16,16.8948,-11.2116,527.069,430.929,0,30309,9,9,CONNECTED_NORMALLY,3,4
800,16.8589,16,32.9216,-4.91357,527.574,430.75,0,30309,9,9,CONNECTED_NORMALLY,3,4
801,16.88,16,5.50591,-33.7557,528.26,430.638,0,30309,9,9,CONNECTED_NORMALLY,3,4
802,16.9011,16,5.50591,-33.7557,528.376,429.925,0,30309,9,9,CONNECTED_NORMALLY,3,4
803,16.9222,16,-40.5124,14.3023,527.881,429.851,0,30309,9,9,CONNECTED_NORMALLY,3,4
804,16.9433,16,7.00693,-32.2447,527.554,429.636,0,30309,9,9,CONNECTED_NORMALLY,3,4
805,16.9644,16,28.9195,-18.4272,527.743,428.982,0,30309,9,9,CONNECTED_NORMALLY,3,4
806,16.9855,16,28.9195,-18.4272,528.353,428.593,0,30309,9,9,CONNECTED_NORMALLY,3,4
807,17.0066,16,-21.0393,4.96942,528.217,428.554,0,30309,9,9,CONNECTED_NORMALLY,3,4
808,17.0277,16,-21.0393,4.96942,527.773,428.659,0,30309,9,9,CONNECTED_NORMALLY,3,4
809,17.0488,16,27.629,23.5766,527.859,428.966,0,30309,9,9,CONNECTED_NORMALLY,3,4
810,17.0699,16,-18.0583,-44.0529,528.239,429.163,0,30309,9,9,CONNECTED_NORMALLY,3,4
811,17.091,16,-46.0696,9.97639,527.73,428.479,0,30309,9,9,CONNECTED_NORMALLY,3,4
812,17.1121,16,24.9714,-10.6782,527.073,428.598,0,30309,9,9,CONNECTED_NORMALLY,3,4
813,17.1332,16,24.9714,-10.6782,527.6,428.372,0,30309,9,9,CONNECTED_NORMALLY,3,4
814,17.1543,16,23.0372,4.25873,528.108,428.294,0,30309,9,9,CONNECTED_NORMALLY,3,4
815,17.1754,16,23.0372,4.25873,528.594,428.383,0,30309,9,9,CONNECTED_NORMALLY,3,4
816,17.1965,16,-21.0868,-40.8786,528.669,428.052,0,30309,9,9,CONNECTED_NORMALLY,3,4
817,17.2176,16,27.5912,9.7595,528.646,427.63,0,30309,9,9,CONNECTED_NORMALLY,3,4
818,17.2387,16,27.5912,9.7595,529.228,427.836,0,30309,9,9,CONNECTED_NORMALLY,3,4
819,17.2598,16,19.8356,4.26736,529.681,427.95,0,30309,9,9,CONNECTED_NORMALLY,3,4
820,17.2809,16,19.8356,4.26736,530.1,428.04,0,30309,9,9,CONNECTED_NORMALLY,3,4
821,17.302,16,-29.9555,-19.5263,530.039,427.901,0,30309,9,9,CONNECTED_NORMALLY,3,4
822,17.3231,16,-22.5386,-7.43357,529.427,427.522,0,30309,9,9,CONNECTED_NORMALLY,3,4
823,17.3442,16,-22.5386,-7.43357,528.952,427.365,0,30309,9,9,CONNECTED_NORMALLY,3,4
824,17.3653,16,-3.11511,27.1639,528.531,427.306,0,30309,9,9,CONNECTED_NORMALLY,3,4
825,17.3864,16,-3.11511,27.1639,528.465,427.879,0,30309,9,9,CONNECTED_NORMALLY,3,4
826,17.4075,16,20.4697,-10.53,528.599,428.134,0,30309,9,9,CONNECTED_NORMALLY,3,4
827,17.4286,16,20.4697,-10.53,529.031,427.912,0,30309,9,9,CONNECTED_NORMALLY,3,4
828,17.4497,16,-13.917,14.6802,529.215,427.871,0,30309,9,9,CONNECTED_NORMALLY,3,4
829,17.4708,16,-13.917,14.6802,528.921,428.181,0,30309,9,9,CONNECTED_NORMALLY,3,4
830,17.4919,16,-13.917,14.6802,528.627,428.491,0,30309,9,9,CONNECTED_NORMALLY,3,4
831,17.513,16,32.1091,-14.8106,529.304,428.179,0,30309,9,9,CONNECTED_NORMALLY,3,4
832,17.5341,16,30.216,-26.5638,529.955,427.703,0,30309,9,9,CONNECTED_NORMALLY,3,4
833,17.5552,16,15.3899,33.7002,530.442,427.754,0,30309,9,9,CONNECTED_NORMALLY,3,4
834,17.5763,16,31.5316,-17.5444,530.835,428.247,0,30309,9,9,CONNECTED_NORMALLY,3,4
835,17.5974,16,31.5316,-17.5444,531.501,427.877,0,30309,9,9,CONNECTED_NORMALLY,3,4
836,17.6185,16,-42.6303,18.8413,530.777,428.188,0,30309,9,9,CONNECTED_NORMALLY,3,4
837,17.6396,16,31.4043,-6.02839,531.238,428.129,0,30309,9,9,CONNECTED_NORMALLY,3,4
838,17.6607,16,-18.1583,33.5879,531.494,428.327,0,30309,9,9,CONNECTED_NORMALLY,3,4
839,17.6818,16,-48.8363,-10.5296,531.015,428.898,0,30309,9,9,CONNECTED_NORMALLY,3,4
840,17.7029,16,-21.9481,-14.2148,530.097,428.66,0,30309,9,9,CONNECTED_NORMALLY,3,4
841,17.724,16,-21.9481,-14.2148,529.634,428.36,0,30309,9,9,CONNECTED_NORMALLY,5,4
842,17.7451,16,-1.93417,-38.3972,529.335,427.863,0,30309,9,9,CONNECTED_NORMALLY,5,4
843,17.7662,16,-29.6994,-39.9647,529.204,427.048,0,30309,9,9,CONNECTED_NORMALLY,5,4
844,17.7873,16,-9.43596,20.285,528.663,426.462,0,30309,9,9,CONNECTED_NORMALLY,5,4
845,17.8084,16,-9.43596,20.285,528.464,426.89,0,30309,9,9,CONNECTED_NORMALLY,5,4
846,17.8295,16,-9.60935,-20.097,528.265,427.246,0,30309,9,9,CONNECTED_NORMALLY,5,4
847,17.8506,16,-9.60935,-20.097,528.062,426.822,0,30309,9,9,CONNECTED_NORMALLY,5,4
848,17.8717,16,-9.60935,-20.097,527.859,426.398,0,30309,9,9,CONNECTED_NORMALLY,5,4
849,17.8928,16,6.35322,34.4015,527.979,427.074,0,30309,9,9,CONNECTED_NORMALLY,5,4
850,17.9139,16,33.38,-22.3858,528.456,427.079,0,30309,9,9,CONNECTED_NORMALLY,5,4
851,17.935,16,12.0856,-31.8422,528.97,426.522,0,30309,9,9,CONNECTED_NORMALLY,5,4
852,17.9561,16,-2.6145,29.0894,529.216,425.89,0,30309,9,9,CONNECTED_NORMALLY,5,4
853,17.9772,16,-2.6145,29.0894,529.161,426.504,0,30309,9,9,CONNECTED_NORMALLY,5,4
854,17.9983,16,36.7935,-12.6533,529.445,426.758,0,30309,9,9,CONNECTED_NORMALLY,5,4
855,18.0194,16,-30.3474,12.8708,529.952,426.593,0,30309,9,9,CONNECTED_NORMALLY,5,4
856,18.0405,16,-30.3474,12.8708,529.312,426.865,0,30309,9,9,CONNECTED_NORMALLY,5,4
857,18.0616,16,-19.0809,16.7406,528.85,427.198,0,30309,9,9,CONNECTED_NORMALLY,5,4
858,18.0827,16,-19.0809,16.7406,528.447,427.551,0,30309,9,9,CONNECTED_NORMALLY,5,4
859,18.1038,16,-27.8378,21.5177,527.881,427.994,0,30309,9,9,CONNECTED_NORMALLY,5,4
860,18.1249,16,-13.3614,-27.1345,527.458,427.895,0,30309,9,9,CONNECTED_NORMALLY,5,4
861,18.146,16,-13.3614,-27.1345,527.176,427.323,0,30309,9,9,CONNECTED_NORMALLY,5,4
862,18.1671,16,22.5874,-23.5564,527.631,426.824,0,30309,9,9,CONNECTED_NORMALLY,5,4
863,18.1882,16,20.6848,-0.930494,528.087,426.574,0,30309,9,9,CONNECTED_NORMALLY,5,4
864,18.2093,16,20.6848,-0.930494,528.523,426.555,0,30309,9,9,CONNECTED_NORMALLY,5,4
865,18.2304,16,17.6677,-13.6686,528.945,426.473,0,30309,9,9,CONNECTED_NORMALLY,5,4
866,18.2515,16,17.6677,-13.6686,529.318,426.185,0,30309,9,9,CONNECTED_NORMALLY,5,4
867,18.2726,16,42.964,-15.1341,529.748,425.893,0,30309,9,9,CONNECTED_NORMALLY,5,4
868,18.2937,16,-17.3073,17.4179,530.569,425.62,0,30309,9,9,CONNECTED_NORMALLY,5,4
869,18.3148,16,-17.3073,17.4179,530.203,425.988,0,30309,9,9,CONNECTED_NORMALLY,5,4
870,18.3359,16,-31.5247,-29.1058,529.797,426.22,0,30309,9,9,CONNECTED_NORMALLY,5,4
871,18.357,16,26.7039,-3.59644,529.173,425.624,0,30309,9,9,CONNECTED_NORMALLY,5,4
872,18.3781,16,26.7039,-3.59644,529.736,425.548,0,30309,9,9,CONNECTED_NORMALLY,5,4
873,18.3992,16,-35.2202,34.1592,529.941,425.691,0,30309,9,9,CONNECTED_NORMALLY,5,4
874,18.4203,16,43.717,-13.2227,529.712,426.103,0,30309,9,9,CONNECTED_NORMALLY,5,4
875,18.4414,16,-15.9999,25.7653,530.293,426.047,0,30309,9,9,CONNECTED_NORMALLY,5,4
876,18.4625,16,-15.9999,25.7653,529.955,426.59,0,30309,9,9,CONNECTED_NORMALLY,5,4
877,18.4836,16,36.8656,-25.7304,530.407,426.365,0,30309,9,9,CONNECTED_NORMALLY,5,4
878,18.5047,16,19.4844,-8.41723,530.946,426.061,0,30309,9,9,CONNECTED_NORMALLY,5,4
879,18.5258,16,19.4844,-8.41723,531.357,425.883,0,30309,9,9,CONNECTED_NORMALLY,5,4
880,18.5469,16,6.42059,48.5548,531.652,426.212,0,30309,9,9,CONNECTED_NORMALLY,3,4
881,18.568,16,25.9461,-19.0996,531.974,426.589,0,30309,9,9,CONNECTED_NORMALLY,3,4
882,18.5891,16,25.9461,-19.0996,532.521,426.186,0,30309,9,9,CONNECTED_NORMALLY,3,4
883,18.6102,16,17.7707,17.5372,532.899,426.542,0,30309,9,9,CONNECTED_NORMALLY,3,4
884,18.6313,16,15.3771,-28.3099,533.27,426.831,0,30309,9,9,CONNECTED_NORMALLY,3,4
885,18.6524,16,15.3771,-28.3099,533.595,426.234,0,30309,9,9,CONNECTED_NORMALLY,3,4
886,18.6735,16,41.6489,18.3406,534.259,426.24,0,30309,9,9,CONNECTED_NORMALLY,3,4
887,18.6946,16,20.7024,-10.9668,534.885,426.273,0,30309,9,9,CONNECTED_NORMALLY,3,4
888,18.7157,16,20.7024,-10.9668,535.322,426.042,0,30309,9,9,CONNECTED_NORMALLY,3,4
889,18.7368,16,-0.22061,30.5964,535.517,426.292,0,30309,9,9,CONNECTED_NORMALLY,3,4
890,18.7579,16,-0.22061,30.5964,535.512,426.937,0,30309,9,9,CONNECTED_NORMALLY,3,4
891,18.779,16,6.16775,-43.5354,535.642,426.019,0,30309,9,9,CONNECTED_NORMALLY,3,4
892,18.8001,16,-33.6878,12.2244,534.997,426.185,0,30309,9,9,CONNECTED_NORMALLY,3,4
893,18.8212,16,16.6987,-32.7715,534.923,425.874,0,30309,9,9,CONNECTED_NORMALLY,3,4
894,18.8423,16,-47.218,-7.02984,534.857,425.351,0,30309,9,9,CONNECTED_NORMALLY,3,4
895,18.8634,16,19.2873,-7.45681,534.306,425.2,0,30309,9,9,CONNECTED_NORMALLY,3,4
896,18.8845,16,19.2873,-7.45681,534.713,425.043,0,30309,9,9,CONNECTED_NORMALLY,5,4
897,18.9056,16,-0.881944,-21.3556,535.109,424.878,0,30309,9,9,CONNECTED_NORMALLY,5,4
898,18.9267,16,-0.881944,-21.3556,535.091,424.427,0,30309,9,9,CONNECTED_NORMALLY,5,4
899,18.9478,16,-0.881944,-21.3556,535.072,423.977,0,30309,9,9,CONNECTED_NORMALLY,5,4
900,18.9689,16,-22.8162,-15.4303,534.679,423.627,0,30309,9,9,CONNECTED_NORMALLY,5,4
901,18.99,16,-2.56179,-29.3261,534.235,423.276,0,30309,9,9,CONNECTED_NORMALLY,5,4
902,19.0111,16,-2.56179,-29.3261,534.181,422.657,0,30309,9,9,CONNECTED_NORMALLY,5,4
903,19.0322,16,9.88304,-24.8628,534.253,422.083,0,30309,9,9,CONNECTED_NORMALLY,5,4
904,19.0533,16,9.88304,-24.8628,534.461,421.558,0,30309,9,9,CONNECTED_NORMALLY,5,4
905,19.0744,16,-36.0261,32.9199,533.985,421.896,0,30309,9,9,CONNECTED_NORMALLY,5,4
906,19.0955,16,-35.8038,-19.4938,533.229,421.777,0,30309,9,9,CONNECTED_NORMALLY,5,4
907,19.1166,16,22.0034,0.635322,533.172,421.609,0,30309,9,9,CONNECTED_NORMALLY,5,4
908,19.1377,16,22.0034,0.635322,533.636,421.622,0,30309,9,9,CONNECTED_NORMALLY,5,4
909,19.1588,16,-20.9341,-9.5136,533.72,421.546,0,30309,9,9,CONNECTED_NORMALLY,5,4
910,19.1799,16,-20.9341,-9.5136,533.278,421.345,0,30309,9,9,CONNECTED_NORMALLY,5,4
911,19.201,16,22.0792,-38.2785,533.162,420.926,0,30309,9,9,CONNECTED_NORMALLY,5,4
912,19.2221,16,-12.4636,18.9306,533.419,420.464,0,30309,9,9,CONNECTED_NORMALLY,5,4
913,19.2432,16,-12.4636,18.9306,533.157,420.864,0,30309,9,9,CONNECTED_NORMALLY,5,4
914,19.2643,16,-27.2211,-24.1191,532.833,421.086,0,30309,9,9,CONNECTED_NORMALLY,5,4
915,19.2854,16,-27.2211,-24.1191,532.258,420.577,0,30309,9,9,CONNECTED_NORMALLY,5,4
916,19.3065,16,4.85794,-45.7766,532.288,419.66,0,30309,9,9,CONNECTED_NORMALLY,5,4
917,19.3276,16,-30.5966,-33.7856,531.745,418.912,0,30309,9,9,CONNECTED_NORMALLY,5,4
918,19.3487,16,24.0244,-6.15591,532.048,418.679,0,30309,9,9,CONNECTED_NORMALLY,5,4
919,19.3698,16,24.0244,-6.15591,532.555,418.55,0,30309,9,9,CONNECTED_NORMALLY,5,4
920,19.3909,16,-12.07,30.4143,532.367,419.123,0,30309,9,9,CONNECTED_NORMALLY,5,4
921,19.412,16,-23.1392,17.5603,532.004,419.639,0,30309,9,9,CONNECTED_NORMALLY,5,4
922,19.4331,16,-23.1392,17.5603,531.516,420.01,0,30309,9,9,CONNECTED_NORMALLY,5,4
923,19.4542,16,27.4054,-11.1473,531.915,419.876,0,30309,9,9,CONNECTED_NORMALLY,5,4
924,19.4753,16,22.172,-6.54595,532.468,419.664,0,30309,9,9,CONNECTED_NORMALLY,5,4
925,19.4964,16,22.172,-6.54595,532.936,419.525,0,30309,9,9,CONNECTED_NORMALLY,5,4
926,19.5175,16,-11.0018,-34.5153,533.278,419.281,0,30309,9,9,CONNECTED_NORMALLY,5,4
927,19.5386,16,-11.0018,-34.5153,533.045,418.553,0,30309,9,9,CONNECTED_NORMALLY,5,4
928,19.5597,16,15.3101,40.2818,533.297,419.201,0,30309,9,9,CONNECTED_NORMALLY,5,4
929,19.5808,16,17.8282,27.4615,533.661,419.842,0,30309,9,9,CONNECTED_NORMALLY,5,4
930,19.6019,16,-34.0792,1.3558,533.682,420.242,0,30309,9,9,CONNECTED_NORMALLY,5,4
931,19.623,16,-34.0792,1.3558,532.963,420.271,0,30309,9,9,CONNECTED_NORMALLY,5,4
932,19.6441,16,-20.3367,-13.3792,532.515,420.009,0,30309,9,9,CONNECTED_NORMALLY,5,4
933,19.6652,16,-20.3367,-13.3792,532.086,419.726,0,30309,9,9,CONNECTED_NORMALLY,5,4
934,19.6863,16,-8.34576,-38.9721,531.907,418.911,0,30309,9,9,CONNECTED_NORMALLY,5,4
935,19.7074,16,-17.8898,-16.6496,531.57,418.465,0,30309,9,9,CONNECTED_NORMALLY,5,4
936,19.7285,16,-17.8898,-16.6496,531.192,418.113,0,30309,9,9,CONNECTED_NORMALLY,5,4
937,19.7496,16,-35.3961,-24.3634,530.497,417.622,0,30309,9,9,CONNECTED_NORMALLY,5,4
938,19.7707,16,-40.1027,8.72168,529.675,417.636,0,30309,9,9,CONNECTED_NORMALLY,5,4
939,19.7918,16,-25.6188,8.99845,529.013,417.824,0,30309,9,9,CONNECTED_NORMALLY,5,4
940,19.8129,16,-25.6188,8.99845,528.473,418.014,0,30309,9,9,CONNECTED_NORMALLY,5,4
941,19.834,16,-7.96272,27.8646,528.251,418.545,0,30309,9,9,CONNECTED_NORMALLY,3,4
942,19.8551,16,45.2235,-15.747,528.331,418.929,0,30309,9,9,CONNECTED_NORMALLY,3,4
943,19.8762,16,-21.9363,-16.7927,528.957,418.592,0,30309,9,9,CONNECTED_NORMALLY,3,4
944,19.8973,16,-21.9363,-16.7927,528.495,418.237,0,30309,9,9,CONNECTED_NORMALLY,3,4
945,19.9184,16,-0.651156,20.062,528.264,418.284,0,30309,9,9,CONNECTED_NORMALLY,3,4
946,19.9395,16,-0.651156,20.062,528.25,418.707,0,30309,9,9,CONNECTED_NORMALLY,3,4
947,19.9606,16,-1.28107,-40.5831,528.234,418.933,0,30309,9,9,CONNECTED_NORMALLY,3,4
948,19.9817,16,-1.28107,-40.5831,528.207,418.076,0,30309,9,9,CONNECTED_NORMALLY,3,4
949,20.0028,16,30.5367,34.9076,528.843,418.793,0,30309,9,9,CONNECTED_NORMALLY,3,4
950,20.0239,16,-45.5005,5.60948,527.938,418.933,0,30309,9,9,CONNECTED_NORMALLY,3,4
951,20.045,16,-35.1982,4.36095,527.18,419.026,0,30309,9,9,CONNECTED_NORMALLY,5,4
952,20.0661,16,-26.6847,-6.23308,526.545,418.985,0,30309,9,9,CONNECTED_NORMALLY,5,4
953,20.0872,16,-26.6847,-6.23308,525.982,418.854,0,30309,9,9,CONNECTED_NORMALLY,5,4
954,20.1083,16,37.7009,-2.96711,526.595,418.782,0,30309,9,9,CONNECTED_NORMALLY,5,4
955,20.1294,16,-24.8494,40.8791,526.582,419.287,0,30309,9,9,CONNECTED_NORMALLY,5,4
956,20.1505,16,-13.0036,-20.5531,526.213,419.342,0,30309,9,9,CONNECTED_NORMALLY,5,4
957,20.1716,16,-13.0036,-20.5531,525.939,418.909,0,30309,9,9,CONNECTED_NORMALLY,5,4
958,20.1927,16,33.0107,6.53044,526.318,418.86,0,30309,9,9,CONNECTED_NORMALLY,5,4
959,20.2138,16,-15.3322,34.1336,526.744,419.152,0,30309,9,9,CONNECTED_NORMALLY,5,4
960,20.2349,16,-15.3322,34.1336,526.421,419.873,0,30309,9,9,CONNECTED_NORMALLY,5,4
961,20.256,16,-11.9663,-29.2473,526.168,419.257,0,30309,9,9,CONNECTED_NORMALLY,5,4
962,20.2771,16,-5.57781,-34.2642,525.983,418.587,0,30309,9,9,CONNECTED_NORMALLY,5,4
963,20.2982,16,-22.3197,-37.6664,525.818,417.855,0,30309,9,9,CONNECTED_NORMALLY,5,4
964,20.3193,16,-36.7362,-21.8388,525.331,417.077,0,30309,9,9,CONNECTED_NORMALLY,5,4
965,20.3404,16,-36.7362,-21.8388,524.556,416.616,0,30309,9,9,CONNECTED_NORMALLY,5,4
966,20.3615,16,9.56717,20.2818,524.702,416.993,0,30309,9,9,CONNECTED_NORMALLY,5,4
967,20.3826,16,9.56717,20.2818,524.904,417.421,0,30309,9,9,CONNECTED_NORMALLY,5,4
968,20.4037,16,-36.6408,-4.50198,524.297,417.415,0,30309,9,9,CONNECTED_NORMALLY,5,4
969,20.4248,16,-31.5717,9.28449,523.583,417.479,0,30309,9,9,CONNECTED_NORMALLY,5,4
970,20.4459,16,4.88797,30.8862,522.997,417.723,0,30309,9,9,CONNECTED_NORMALLY,5,4
971,20.467,16,4.88797,30.8862,523.1,418.374,0,30309,9,9,CONNECTED_NORMALLY,5,4
972,20.4881,16,-22.9871,5.54885,522.857,418.711,0,30309,9,9,CONNECTED_NORMALLY,5,4
973,20.5092,16,-22.9871,5.54885,522.372,418.828,0,30309,9,9,CONNECTED_NORMALLY,5,4
974,20.5303,16,16.3556,-17.5198,522.373,418.66,0,30309,9,9,CONNECTED_NORMALLY,5,4
975,20.5514,16,16.3556,-17.5198,522.718,418.291,0,30309,9,9,CONNECTED_NORMALLY,5,4
976,20.5725,16,37.8148,19.5549,523.338,418.396,0,30309,9,9,CONNECTED_NORMALLY,5,4
977,20.5936,16,-18.2791,22.8666,523.551,418.844,0,30309,9,9,CONNECTED_NORMALLY,5,4
978,20.6147,16,-18.2791,22.8666,523.165,419.326,0,30309,9,9,CONNECTED_NORMALLY,5,4
979,20.6358,16,17.629,-19.4611,523.443,419.026,0,30309,9,9,CONNECTED_NORMALLY,5,4
980,20.6569,16,8.81295,-30.7666,523.801,418.599,0,30309,9,9,CONNECTED_NORMALLY,5,4
981,20.678,16,8.81295,-30.7666,523.987,417.95,0,30309,9,9,CONNECTED_NORMALLY,5,4
982,20.6991,16,11.8637,17.2972,524.211,417.899,0,30309,9,9,CONNECTED_NORMALLY,5,4
983,20.7202,16,11.8637,17.2972,524.462,418.264,0,30309,9,9,CONNECTED_NORMALLY,5,4
984,20.7413,16,2.92982,-29.1948,524.65,418.305,0,30309,9,9,CONNECTED_NORMALLY,5,4
985,20.7624,16,2.92982,-29.1948,524.712,417.689,0,30309,9,9,CONNECTED_NORMALLY,5,4
986,20.7835,16,-27.7839,4.6274,524.31,417.583,0,30309,9,9,CONNECTED_NORMALLY,5,4
987,20.8046,16,-21.102,33.7254,523.728,417.701,0,30309,9,9,CONNECTED_NORMALLY,5,4
988,20.8257,16,-21.102,33.7254,523.283,418.412,0,30309,9,9,CONNECTED_NORMALLY,5,4
989,20.8468,16,4.44653,-28.3994,523.291,418.021,0,30309,9,9,CONNECTED_NORMALLY,5,4
990,20.8679,16,-14.4162,27.2341,523.308,417.648,0,30309,9,9,CONNECTED_NORMALLY,5,4
991,20.889,16,-14.4162,27.2341,523.004,418.223,0,30309,9,9,CONNECTED_NORMALLY,5,4
992,20.9101,16,21.6244,-7.18214,523.198,418.322,0,30309,9,9,CONNECTED_NORMALLY,5,4
993,20.9312,16,21.6244,-7.18214,523.654,418.17,0,30309,9,9,CONNECTED_NORMALLY,5,4
994,20.9523,16,-10.4919,24.2388,523.721,418.4,0,30309,9,9,CONNECTED_NORMALLY,5,4
995,20.9734,16,-10.4919,24.2388,523.5,418.911,0,30309,9,9,CONNECTED_NORMALLY,5,4
996,20.9945,16,-11.3444,-47.3718,523.264,418.244,0,30309,9,9,CONNECTED_NORMALLY,5,4
997,21.0156,16,10.7756,31.9317,523.402,418.595,0,30309,9,9,CONNECTED_NORMALLY,5,4
998,21.0367,16,37.2907,21.0497,523.853,419.177,0,30309,9,9,CONNECTED_NORMALLY,5,4
999,21.0578,16,9.38045,-36.0993,524.467,419.266,0,30309,9,9,CONNECTED_NORMALLY,5,4
1000,21.0789,16,28.2298,-0.746533,524.674,418.522,0,30309,9,9,CONNECTED_NORMALLY,5,4
